id,name,number,email,passwod,wallet,city,state
1,Abdel Goom,1336308634,agoom0@weibo.com,1rOGtyuNFXs,7764.95,Boston,Massachusetts
2,Ron Skerman,9711545525,rskerman1@arizona.edu,PP6N6l,5663.03,Atlanta,Georgia
3,Blakelee Searby,8854291183,bsearby2@state.tx.us,I0qEfPgHsyN,3572.67,Brooklyn,New York
4,Jameson Alger,9761429111,jalger3@oracle.com,QhhIcz5iu11b,4113.99,Philadelphia,Pennsylvania
5,Mirabelle Novello,1211033936,mnovello4@cpanel.net,YxkudDS,4759.60,Austin,Texas
6,Tana Pallatina,1637021223,tpallatina5@amazon.com,chHEBD,7103.24,Sacramento,California
7,Kerk Tompkin,4326478101,ktompkin6@comsenz.com,UHjS3CkkaL,2028.28,New York City,New York
8,Libby Breckell,8662016102,lbreckell7@t-online.de,cUIA0t,8742.23,Young America,Minnesota
9,Paulita Lammiman,7937331166,plammiman8@simplemachines.org,xuPzx9rR0MM,1719.61,Chattanooga,Tennessee
10,Brianna Dank,9145075187,bdank9@ucoz.com,UeRdWd0BFOA0,7556.27,Pittsburgh,Pennsylvania
11,Anderea Vanyushkin,2584432319,avanyushkina@yolasite.com,BmmRvx3XjZhr,8519.47,Bronx,New York
12,Lillis Filkov,1749732081,lfilkovb@guardian.co.uk,s8Ovzf7Mi,8869.37,Saint Paul,Minnesota
13,Killy Winstanley,8467326228,kwinstanleyc@tinyurl.com,fpJ27E3,1729.38,Roanoke,Virginia
14,Leslie Medler,5131187007,lmedlerd@canalblog.com,oCpLP0,5197.06,Colorado Springs,Colorado
15,Dolores Jeffery,4111038933,djefferye@cbc.ca,AezJHa,6589.80,Kansas City,Missouri
16,Bernadine Bovingdon,3629090619,bbovingdonf@symantec.com,tiBt8DhFk,9377.19,Jersey City,New Jersey
17,Simeon England,1642482991,senglandg@mail.ru,0WDG0N,7410.05,Bozeman,Montana
18,Sallie Wellbelove,8214467437,swellbeloveh@123-reg.co.uk,0LP6xFrGl8f,5599.85,San Francisco,California
19,Valery Franceschielli,5999767267,vfranceschiellii@dailymotion.com,ejWYZp4qAl,1539.29,Kissimmee,Florida
20,Jermaine Lagden,3307886979,jlagdenj@time.com,8Dhz5cY53C9,4738.64,Atlanta,Georgia
21,Deena Brougham,8743558816,dbroughamk@berkeley.edu,LRKot7y1XXqr,9961.18,Orlando,Florida
22,Niki Toffetto,3104749362,ntoffettol@joomla.org,7la3iwXQyZWc,8979.72,Ogden,Utah
23,Atlante Cordier,4414471344,acordierm@infoseek.co.jp,mIl2JqR,5635.07,Toledo,Ohio
24,Dacia Coorington,3335953579,dcooringtonn@exblog.jp,2Gtmn1BAAYB,3825.32,Champaign,Illinois
25,Glyn Ashe,8308573330,gasheo@ucsd.edu,ujxTa7l,1147.14,Pensacola,Florida
26,Cecilius Rillatt,8861345200,crillattp@technorati.com,p1EcHDHTC3W,6294.80,Mobile,Alabama
27,Mandy Bearblock,8072771495,mbearblockq@photobucket.com,nS53SLunIkK,2054.92,New Haven,Connecticut
28,Kathy Garmanson,6758209677,kgarmansonr@google.co.uk,jWUmkabBYZ,5946.89,Beaumont,Texas
29,Fianna Disbrow,4707231916,fdisbrows@blinklist.com,bVnfb1DI6u6,8794.94,Richmond,Virginia
30,Sammy Espin,6809898512,sespint@newyorker.com,TozYX90Ks,5484.36,Honolulu,Hawaii
31,Andreas Cuel,3693172067,acuelu@samsung.com,AZFvwQajX,3190.74,Sioux Falls,South Dakota
32,Corie Delahunty,8756088818,cdelahuntyv@skype.com,uqlzePpn3yq,3274.85,Huntington,West Virginia
33,Hobie Atrill,9304351057,hatrillw@elegantthemes.com,xkdoj4gmO,5382.12,Washington,District of Columbia
34,Colette Whorf,6964773282,cwhorfx@accuweather.com,F93iFX,9044.38,San Francisco,California
35,Billy Purshouse,2086485862,bpurshousey@prnewswire.com,d0jwwdOz,4542.37,San Mateo,California
36,Melanie Sauven,1290974855,msauvenz@ask.com,0pblI01,2916.47,Salt Lake City,Utah
37,Carey Bellenger,9751205833,cbellenger10@jigsy.com,KrBhC7WAXt,5375.20,Knoxville,Tennessee
38,Cristal Adamini,4096518174,cadamini11@trellian.com,u0hhoJKm8CLP,4254.33,Albany,New York
39,Malynda Poure,4993579684,mpoure12@altervista.org,7omtNpzzs4,2353.26,Amarillo,Texas
40,Sandra Stirrup,5397804055,sstirrup13@hp.com,akTQLlT7JT,3979.90,Riverside,California
41,Coreen Brahmer,1286696035,cbrahmer14@flickr.com,XxtVqP05,9952.25,Canton,Ohio
42,Eveleen Chomicz,7845947152,echomicz15@delicious.com,1w2NbqaAwNw,1531.56,El Paso,Texas
43,Hyacinth Whebell,6035721972,hwhebell16@last.fm,i7qMugVw8s,6003.74,White Plains,New York
44,Waite Rispen,7434151370,wrispen17@unicef.org,aTPGHAhjQ2t,4808.26,Scottsdale,Arizona
45,Charil Melbourn,1077135381,cmelbourn18@narod.ru,KlrYX16Gik,2660.50,Athens,Georgia
46,Arman Breache,4412524715,abreache19@intel.com,NXOTxks,2193.24,Bellevue,Washington
47,Magdaia Helliar,7912912711,mhelliar1a@themeforest.net,c6XvGdmT5oEA,5313.69,Arlington,Virginia
48,Stanislas Krol,3523786318,skrol1b@disqus.com,5FqfWs,3786.04,Washington,District of Columbia
49,Emmy Rootes,8716453693,erootes1c@pagesperso-orange.fr,N4AxbjGu4jDB,4678.59,Wichita,Kansas
50,Gypsy Plomer,1347324380,gplomer1d@jimdo.com,49DeoKOFG0s,2890.55,Rochester,New York
51,Sarene Ormston,6193771365,sormston1e@army.mil,zSCPfEZUf5,5582.00,Shreveport,Louisiana
52,Gill Adolthine,8348056904,gadolthine1f@surveymonkey.com,2Fq9DiVdyg8a,1253.82,Kansas City,Missouri
53,Elsey Catanheira,3675177706,ecatanheira1g@google.de,EdYBJSf5O,5316.87,Knoxville,Tennessee
54,Vannie Naughton,8441840679,vnaughton1h@feedburner.com,6Lo6EaDaA,7626.41,Farmington,Michigan
55,Elisha Dymoke,1940453948,edymoke1i@pagesperso-orange.fr,0U6TKeL9mUY,4261.00,Atlanta,Georgia
56,Quintus Dizlie,1617326024,qdizlie1j@devhub.com,cserHfW,4440.13,Los Angeles,California
57,Esme Storrs,6542643675,estorrs1k@mozilla.com,T07PQp,6631.46,Lancaster,California
58,Berkie McNamee,3216816882,bmcnamee1l@google.de,9PxdLlKgv,3595.27,Lakeland,Florida
59,Buddie Duell,2907715301,bduell1m@g.co,eou99Kh9JvH4,1076.94,Houston,Texas
60,Krishnah Mockes,3101219337,kmockes1n@washington.edu,blUOof7496H,4754.74,Tyler,Texas
61,Juieta Waggatt,4623351838,jwaggatt1o@uol.com.br,RGBO5QlbeVp7,1570.47,Detroit,Michigan
62,Kirsten Tibbles,1692898805,ktibbles1p@rakuten.co.jp,V0a9WTiYB,6120.48,New York City,New York
63,Tabatha Mouncey,4688952005,tmouncey1q@foxnews.com,WQSwY4wWZZOl,1270.22,Washington,District of Columbia
64,Eadith McCaughen,9796841033,emccaughen1r@google.co.uk,dkIx5fnw,5686.48,Pasadena,California
65,Maren Pettis,9405746309,mpettis1s@biglobe.ne.jp,prLfNrZgXHH,3974.07,Bloomington,Indiana
66,Petra Vivash,4526833662,pvivash1t@dagondesign.com,RYnf8gt,4545.13,Tampa,Florida
67,Susi Astill,1853280265,sastill1u@theglobeandmail.com,YM5RSt7,2028.48,Hartford,Connecticut
68,Karina Wroath,9921733836,kwroath1v@wunderground.com,I05iNqES8XXM,5590.62,Denver,Colorado
69,Konstance Stearn,2766377290,kstearn1w@lycos.com,lcQ5ucDGHU,6228.13,Albuquerque,New Mexico
70,Haydon Luscombe,5507809219,hluscombe1x@google.nl,othTALb,2626.79,Melbourne,Florida
71,North Aked,6645444480,naked1y@goo.gl,4JVc9ot,3324.99,Boston,Massachusetts
72,Andromache Leadston,8972834639,aleadston1z@ebay.com,gxAlyldU,8009.39,Jacksonville,Florida
73,Nikoletta Wiburn,5093043625,nwiburn20@simplemachines.org,1cxVNPF,6443.40,Washington,District of Columbia
74,Mallissa Lovstrom,3353242202,mlovstrom21@un.org,llQlvT,1855.27,Clearwater,Florida
75,Leland Bawle,9012046463,lbawle22@mediafire.com,UbzgaHt3bsBr,8867.51,Sacramento,California
76,Alonzo Insall,8803463657,ainsall23@xinhuanet.com,eHJ8JAhI4uQa,6053.12,Roanoke,Virginia
77,Johan Ross,3294959269,jross24@springer.com,HvUnf3HS7LC,9690.56,Portland,Oregon
78,Vinnie Holsall,2679429736,vholsall25@paypal.com,F6cdMWHywq,8108.33,Toledo,Ohio
79,Elga Gionettitti,6751141325,egionettitti26@cargocollective.com,ZxQhrl2,3748.53,Houston,Texas
80,Bree Brusle,9741012767,bbrusle27@example.com,wPR4J0,2347.12,Fort Myers,Florida
81,Roderich Gwynn,5394748725,rgwynn28@yelp.com,6YmRI0FyoNF,6150.79,Huntington,West Virginia
82,Mallorie Bitchener,3674776212,mbitchener29@csmonitor.com,LHeXwxX,4995.77,Shawnee Mission,Kansas
83,Kingsley Gayle,2239904811,kgayle2a@desdev.cn,k4IJAh,6005.09,Sioux City,Iowa
84,Kissie Carvil,4430881903,kcarvil2b@unesco.org,02tjeVhp8NR,5646.60,Yonkers,New York
85,Sibbie Harte,4530232411,sharte2c@g.co,WFksRvjgga,8212.64,Nashville,Tennessee
86,Yale Feild,6310815660,yfeild2d@eventbrite.com,POaHcpR,9120.74,West Palm Beach,Florida
87,Gun Torpie,7074580721,gtorpie2e@dion.ne.jp,WG3JKKOU,5515.49,San Antonio,Texas
88,Danice Lorans,5345712162,dlorans2f@slideshare.net,1tMg08gLoH,7469.16,Fort Lauderdale,Florida
89,Oswell Treversh,7211148187,otreversh2g@mapy.cz,zu8y59VlVOJ,3919.00,Saint Petersburg,Florida
90,Antoinette Lambden,2221249817,alambden2h@hhs.gov,svraRL3B,9208.25,Miami,Florida
91,Elie Measey,9512581994,emeasey2i@utexas.edu,QyoU9k,6838.64,Minneapolis,Minnesota
92,Ibrahim Leppingwell,4945950333,ileppingwell2j@squidoo.com,LIHXm3bZVgs,4887.66,Roanoke,Virginia
93,Layney Pimmocke,3566148426,lpimmocke2k@feedburner.com,uEEcrEJWp8,7682.58,Brooksville,Florida
94,Darryl Wellbelove,5579518698,dwellbelove2l@blog.com,pCjBWhB,7420.98,Bronx,New York
95,Donny Durram,2157351810,ddurram2m@ustream.tv,LWegT495xYV,5665.84,Louisville,Kentucky
96,Farly Caban,8406454226,fcaban2n@prnewswire.com,SdE9ppaF,1823.38,Boston,Massachusetts
97,August McEnhill,4573842047,amcenhill2o@utexas.edu,juWHcQ,4925.78,Brooklyn,New York
98,Jereme Weedenburg,3708389250,jweedenburg2p@npr.org,HK2eAoC,8936.76,San Jose,California
99,Callie Lacknor,4200944272,clacknor2q@myspace.com,FmUQurdxms,1404.35,Washington,District of Columbia
100,Gallard Liversedge,4639873378,gliversedge2r@hp.com,rWHgGFjmc,2755.89,Galveston,Texas
101,Fawnia Martyn,8751435174,fmartyn2s@quantcast.com,Ehy9Mb,5536.73,Austin,Texas
102,Clement Ram,4498059675,cram2t@eventbrite.com,hzJTac1DA,9114.02,Ogden,Utah
103,Alexina Kyffin,1227558621,akyffin2u@nbcnews.com,odI9OK,7971.43,Pasadena,California
104,Rayner Babber,7547581290,rbabber2v@tinyurl.com,f64TA8kd1,7515.19,Raleigh,North Carolina
105,Aldrich Stranieri,3363638403,astranieri2w@networksolutions.com,h1lFkYD,3047.95,Houston,Texas
106,Glynnis Schimpke,8226346271,gschimpke2x@amazon.com,slBaYgYy2AZL,1246.92,Jamaica,New York
107,Esmaria Clouston,7632794565,eclouston2y@yale.edu,RRmjaG5L,7205.09,Little Rock,Arkansas
108,Hollie Del Castello,5049789447,hdel2z@furl.net,LKzc3xyU,3966.22,Houston,Texas
109,Gregoire Nuttall,2891646591,gnuttall30@tripod.com,brQrlwj,9498.31,El Paso,Texas
110,Zitella Kleiser,2001417701,zkleiser31@latimes.com,kqm6SdVyPXwh,9378.46,Kingsport,Tennessee
111,Walt Gracey,6196827389,wgracey32@harvard.edu,v9XuuEw5i,7361.63,Augusta,Georgia
112,Darcee Heys,2234836922,dheys33@cbslocal.com,ZESwURS,7279.80,Melbourne,Florida
113,Russell Godson,5467670990,rgodson34@mail.ru,rGNmW0UcG,4394.08,Macon,Georgia
114,Ferd Pavlenko,5797763632,fpavlenko35@gov.uk,DZRQ3M4bcM3z,1119.41,Levittown,Pennsylvania
115,Korney Grangier,7335766147,kgrangier36@yale.edu,aNi78gVam8N9,7749.52,Inglewood,California
116,Aura Drohun,5680864988,adrohun37@symantec.com,4kIcarwI,8809.20,Saint Petersburg,Florida
117,Meryl Clemits,7873968535,mclemits38@slideshare.net,vm1Q2uE,2393.48,Houston,Texas
118,Callida Tidmarsh,2977687074,ctidmarsh39@weibo.com,zLI78AID55vb,1113.45,Roanoke,Virginia
119,Star Clibbery,5259763856,sclibbery3a@wikipedia.org,CNvXm3p,5951.76,Memphis,Tennessee
120,Baxy Filipic,7826865340,bfilipic3b@patch.com,gJAO1YX7,4013.92,Spokane,Washington
121,Shelba Munday,1726441422,smunday3c@samsung.com,902YFHK,3695.24,Pittsburgh,Pennsylvania
122,Bevin Pickerin,1320365698,bpickerin3d@moonfruit.com,PuLAsMsNQ,6645.33,Spokane,Washington
123,Jessee Halsted,8747692996,jhalsted3e@deliciousdays.com,DkcJUWZj10,5644.89,Escondido,California
124,Iolanthe Martschke,9589704558,imartschke3f@booking.com,Q5zRbot84,8806.24,Hampton,Virginia
125,Eleonora Vouls,2263687164,evouls3g@is.gd,QOx6T4xZzs,3304.37,Jacksonville,Florida
126,Gina Congdon,1670667446,gcongdon3h@tripod.com,BTx4kFrjo,9864.77,Saint Cloud,Minnesota
127,Bevin Bly,6811693297,bbly3i@mapquest.com,N4tyfMQsZip,6626.37,Hartford,Connecticut
128,Raimundo Whyke,4333440061,rwhyke3j@sbwire.com,kM3p4DWrmR,4612.87,Fort Lauderdale,Florida
129,Delly Prydden,4863317485,dprydden3k@xing.com,N90xRNWgo,7678.26,Greenville,South Carolina
130,Magdalene Walter,9776286890,mwalter3l@arizona.edu,NQz3DVHle,4348.98,Kansas City,Missouri
131,Cad Airey,3308476534,cairey3m@java.com,V0nC0926b2f,7528.10,Philadelphia,Pennsylvania
132,Janna Ballinghall,9544288921,jballinghall3n@bbc.co.uk,ckdaTaQ0xsc,4497.76,Austin,Texas
133,Cherey Farlow,3527075838,cfarlow3o@xrea.com,XZe35U5,1228.54,Norfolk,Virginia
134,Zahara Poxson,5461489417,zpoxson3p@gnu.org,6CKoiOIT4Hir,5469.56,Jacksonville,Florida
135,Katine Tunnick,2626348668,ktunnick3q@gmpg.org,JDjBf6BPm2,8822.07,Odessa,Texas
136,Shirlene Haddleton,3257664934,shaddleton3r@dagondesign.com,0yQ7B1gbh9sK,2479.78,San Bernardino,California
137,Davin Shyre,4439455582,dshyre3s@google.com.au,bcd0FCp,6992.42,Baton Rouge,Louisiana
138,Junie Killingworth,9697246575,jkillingworth3t@wordpress.org,EuI2BC,7267.99,Palo Alto,California
139,Beverlie Fussen,9722733656,bfussen3u@google.de,y0HrhWK,3859.96,Buffalo,New York
140,Josy Butterick,2526339333,jbutterick3v@storify.com,TVO8MgLYa8P,4046.71,Hagerstown,Maryland
141,Jammie Burnhard,6142365020,jburnhard3w@over-blog.com,LV3ZghbSPa,3839.48,Joliet,Illinois
142,Mercy Mingey,5503742708,mmingey3x@webs.com,ZHqcha,2392.38,Topeka,Kansas
143,Jethro Drepp,5258745816,jdrepp3y@wix.com,AHGyq0C,6481.51,Las Vegas,Nevada
144,Talbert Wesgate,8461574404,twesgate3z@vistaprint.com,iK8hxVr3,4177.21,South Bend,Indiana
145,Ludovika Bent,3652863720,lbent40@prlog.org,AHANKuB,8044.41,Fort Smith,Arkansas
146,Conn Marvelley,4145425369,cmarvelley41@tmall.com,PWrVMUv,2493.84,Los Angeles,California
147,Anabelle Kermeen,2217901735,akermeen42@technorati.com,Erx8jk,2898.37,Moreno Valley,California
148,Agretha Currier,2352320608,acurrier43@ihg.com,e6QZHuC,6718.91,Terre Haute,Indiana
149,Bryanty Memory,7762898515,bmemory44@360.cn,L6cMOfTu,2521.23,Knoxville,Tennessee
150,Dur Gilbart,3604065662,dgilbart45@dailymail.co.uk,bH52kU,5215.89,Albany,New York
151,Sofie Coils,2597528491,scoils46@tripod.com,Ky3o1x,3512.77,Richmond,Virginia
152,Ernestus Haile,2042093479,ehaile47@hibu.com,mOURSbZ,1910.00,Jacksonville,Florida
153,Kelsi Diffley,4257336830,kdiffley48@nyu.edu,zl42RMRIx,9972.74,Albany,New York
154,Christan Elsop,4993043194,celsop49@shareasale.com,B8dLXb5aDyD,2145.31,Dallas,Texas
155,Upton Renton,4301334903,urenton4a@vistaprint.com,HVxsjfVGov,8253.56,Torrance,California
156,Phillipp Trimmell,5979237441,ptrimmell4b@yelp.com,RB4H10,1018.91,Syracuse,New York
157,Janeva Scurrey,2126885940,jscurrey4c@t.co,TgpPuEpakGB,4752.24,Louisville,Kentucky
158,Norrie De Paepe,7894635196,nde4d@ezinearticles.com,ZVtiJ1F4p6,2821.20,Montgomery,Alabama
159,Ellynn Curgenuer,8005295443,ecurgenuer4e@howstuffworks.com,9oGpT4sEl,5458.82,Jackson,Mississippi
160,Peterus Narrie,6879226430,pnarrie4f@jigsy.com,6SvuI6G,3244.05,Sioux Falls,South Dakota
161,Roderigo Balleine,9330577059,rballeine4g@discovery.com,T63WSRIsUdu,8862.05,Chicago,Illinois
162,Webster Creavan,6299499628,wcreavan4h@webs.com,ETJjeyPqHF8f,6708.12,Lincoln,Nebraska
163,Hermy Attenborrow,3563597366,hattenborrow4i@yahoo.co.jp,pTvx38hRn,9785.56,Clearwater,Florida
164,Jamesy Treharne,4101673129,jtreharne4j@gmpg.org,K01qkz,6410.68,Portland,Oregon
165,Clerissa Rosenhaupt,2592130508,crosenhaupt4k@economist.com,0dcdRwG83AP,6773.17,Riverside,California
166,Diana Kenlin,9943008043,dkenlin4l@harvard.edu,YXLPRkv3,6021.88,Alexandria,Virginia
167,Edita Dall,1379494609,edall4m@time.com,3GzVvPlSW,4931.98,El Paso,Texas
168,Tiphany Caslake,7817776480,tcaslake4n@accuweather.com,0rTeUZQkK3w,7304.36,Omaha,Nebraska
169,Karola Sighart,9414510231,ksighart4o@bloomberg.com,9HwfqJecaF,9619.75,Saint Petersburg,Florida
170,Rayner Buck,2073011535,rbuck4p@mozilla.com,40cpKczsh,9579.23,Pompano Beach,Florida
171,Zared Houlton,5313879155,zhoulton4q@chron.com,DRrrFsDnikT3,2809.71,Washington,District of Columbia
172,Salomi Scola,4861320008,sscola4r@360.cn,uNaNwiDs,4432.50,Colorado Springs,Colorado
173,Loria Perks,2262964560,lperks4s@google.fr,odFrBZv,7908.83,Portland,Oregon
174,Sue Ricarde,9170943864,sricarde4t@berkeley.edu,SmlvOCOC2,5301.15,Trenton,New Jersey
175,Margret Trainor,3021537085,mtrainor4u@va.gov,3cGnVQBMv,3251.87,Port Charlotte,Florida
176,Hector Godmer,8172784041,hgodmer4v@spiegel.de,dHDEcody5A,8214.93,El Paso,Texas
177,Urban Fullagar,5146506943,ufullagar4w@yellowpages.com,HiJhsB,7940.39,Lexington,Kentucky
178,Alfons Carlisso,4217032191,acarlisso4x@nps.gov,JthEYeOx,7410.21,Omaha,Nebraska
179,Karrah Argabrite,1972914481,kargabrite4y@jimdo.com,y4SVFm3,6835.76,White Plains,New York
180,Netti Stanmer,3738455263,nstanmer4z@oracle.com,xvjqdj,3871.39,Oklahoma City,Oklahoma
181,Reinhard Wallworke,5129767066,rwallworke50@paypal.com,CUCsRJ4Qv0,8170.07,Bradenton,Florida
182,Nikolaos Ibbeson,3524519408,nibbeson51@themeforest.net,iUDmMZgX,3075.84,Oakland,California
183,Bill Dumbrill,2284865216,bdumbrill52@bloglovin.com,1iZ8Wg,2776.91,Cincinnati,Ohio
184,Vivie Ingerith,2546405308,vingerith53@4shared.com,fmVgBSvNuS2,5773.95,Sarasota,Florida
185,Binky Schaffler,6258657592,bschaffler54@ox.ac.uk,9X4Tv0VSta5,4753.13,Orlando,Florida
186,Orelee Szepe,2666226936,oszepe55@nba.com,YgP20hhvDfY6,6534.59,Fresno,California
187,Lelia Danielou,9303764928,ldanielou56@netvibes.com,YeeXQh,4099.68,Cincinnati,Ohio
188,Marni Kusick,2939162211,mkusick57@blinklist.com,lUCkYtAS,1623.03,Houston,Texas
189,Wilie McAdam,3046757826,wmcadam58@techcrunch.com,8AwV1oz,2468.81,Houston,Texas
190,Rheba Liptrot,7385698991,rliptrot59@sphinn.com,Kknc46Uio9fM,3283.54,San Diego,California
191,Thomasina Davydkov,8601700841,tdavydkov5a@ucoz.ru,81TyURe2P,5855.05,Indianapolis,Indiana
192,Tedmund Aitchison,1015693967,taitchison5b@patch.com,YSwjn3KFHD,3962.86,Lubbock,Texas
193,Ardelle Stonhard,7337528976,astonhard5c@about.com,YFX4irBAt,4315.77,Fairbanks,Alaska
194,Karon Kennsley,6388625577,kkennsley5d@scribd.com,JFumxuPd1jMc,8587.54,Fresno,California
195,Francisca Mixture,1987077712,fmixture5e@ftc.gov,5Ha3wBAreni,5093.38,Fort Wayne,Indiana
196,Burr Disbrow,9471587031,bdisbrow5f@wsj.com,bwtkDM1pwODK,4129.72,Beaufort,South Carolina
197,Talia Kidby,7580624799,tkidby5g@sourceforge.net,rLrXPe2zXZEj,8192.27,Fort Lauderdale,Florida
198,Claiborn Gatesman,8823459144,cgatesman5h@alibaba.com,F3WJvPCXve1M,3579.89,Seattle,Washington
199,Merrel Lemm,5793382511,mlemm5i@mail.ru,Pn7u8LjE,4019.28,Pueblo,Colorado
200,Horatio Havelin,5924796496,hhavelin5j@disqus.com,FMfTgmC8,3761.72,Saint Paul,Minnesota
201,Johannah Denkin,6919151183,jdenkin5k@about.com,QbwcNZdHMvgc,6826.00,Topeka,Kansas
202,Vito Ingall,5335058170,vingall5l@usda.gov,kfyFy38DlsJZ,2200.67,Roanoke,Virginia
203,Judy Sollas,3906375780,jsollas5m@unesco.org,4xMEI7va,7178.14,Milwaukee,Wisconsin
204,Dougy Handyside,6322149719,dhandyside5n@amazon.com,t1zzYO,8398.80,Monticello,Minnesota
205,Suzanne Balderston,3960673832,sbalderston5o@sbwire.com,HBLHTS2PAGz,6650.20,Huntington,West Virginia
206,Carlynne Quakley,1040651350,cquakley5p@rambler.ru,g3ingv0,3077.48,Austin,Texas
207,Helaina Beardmore,8327093781,hbeardmore5q@ovh.net,lkeToQ12y,2466.12,Miami,Florida
208,Kelsy Johnys,5749214274,kjohnys5r@mediafire.com,4iosLVb,4767.31,Reno,Nevada
209,Town Scawton,7400137833,tscawton5s@free.fr,y8P4lu,1276.97,Houston,Texas
210,Larry Ankers,6044981632,lankers5t@livejournal.com,bGFaXW63Sdr,4810.41,Cincinnati,Ohio
211,Gardie Edmunds,6598157246,gedmunds5u@slate.com,HvdZCGOOZFyn,4277.89,Homestead,Florida
212,Catharine Rubertelli,3224764985,crubertelli5v@netvibes.com,ozTe6MR,7537.59,Washington,District of Columbia
213,Gerty Bernaldo,6971993196,gbernaldo5w@dmoz.org,ueJI18,5759.57,Mesa,Arizona
214,Fiorenze Baumber,2940984011,fbaumber5x@issuu.com,yFsGH5,9230.34,Anchorage,Alaska
215,Wendel Blinde,9900500542,wblinde5y@storify.com,GM6DdvOPaO7,6210.59,Mobile,Alabama
216,Bethany MacPake,2615614067,bmacpake5z@japanpost.jp,9lsQs04f54WQ,1570.13,Columbia,South Carolina
217,Sherill Gayden,9480776888,sgayden60@upenn.edu,e2ENkS,2048.78,Montgomery,Alabama
218,Bo Batt,5382152366,bbatt61@dedecms.com,qzSKR32H,7540.08,Richmond,California
219,Evered Eyers,8111803883,eeyers62@merriam-webster.com,I1pU1Xp,9030.50,Hyattsville,Maryland
220,Nicol Ickov,3243750873,nickov63@g.co,esdxNH,7859.72,Boise,Idaho
221,Fonsie Balston,6567985903,fbalston64@istockphoto.com,u6gO2anoH,6766.55,Houston,Texas
222,Ferrell De Cleen,2737456543,fde65@lycos.com,nycMfemGJ,2338.32,Rockford,Illinois
223,Lane Stihl,7980116703,lstihl66@1688.com,gKzTMUuyAe3,2541.99,Killeen,Texas
224,Claire Gionettitti,8760460141,cgionettitti67@plala.or.jp,B8cd9dhz2w1A,8033.16,Washington,District of Columbia
225,Der Ramshay,9647317978,dramshay68@craigslist.org,ARVy6uB,4483.72,Milwaukee,Wisconsin
226,Faber Burgyn,7287717270,fburgyn69@yellowbook.com,YSrzIbZomT,5161.82,Roanoke,Virginia
227,Waite Cockill,6086586564,wcockill6a@usnews.com,blcZFb6cn1h,1194.58,Jacksonville,Florida
228,Teressa Gatrill,7637030792,tgatrill6b@naver.com,guiJXTKZsht,1775.24,Pasadena,California
229,Mozelle Stegers,8447886317,mstegers6c@foxnews.com,c1WNkZvczR,1213.43,Gaithersburg,Maryland
230,Mabel D'Ambrogi,1244416120,mdambrogi6d@scientificamerican.com,UE3ij6Q2GI,1472.84,Garden Grove,California
231,Nady Agent,6867058990,nagent6e@psu.edu,oJKQUh,8134.99,San Antonio,Texas
232,Redd Minico,2220246437,rminico6f@shinystat.com,rLE5HcX7vH,6991.55,Wilmington,Delaware
233,Leone Anwell,9297543545,lanwell6g@ehow.com,jyXAotTuw,6945.99,Pensacola,Florida
234,Jerome Grigor,6880009323,jgrigor6h@home.pl,UMGNRC5bVq,5925.68,Dayton,Ohio
235,Jo Ascough,3514494800,jascough6i@w3.org,FEzSUFIU,8838.04,Terre Haute,Indiana
236,Nannette Lufkin,4024169813,nlufkin6j@i2i.jp,vLj0MuRR,2875.77,Toledo,Ohio
237,Torrance Cowe,3669487921,tcowe6k@cdc.gov,VpS2VZgNVh8Q,4578.02,Grand Rapids,Michigan
238,Egbert Scrinage,4147985866,escrinage6l@flavors.me,yOYrkCW,5321.10,Knoxville,Tennessee
239,Carlyn Frear,8216169445,cfrear6m@ocn.ne.jp,IdXodU6kG,2031.59,South Bend,Indiana
240,Noemi Spellar,3804194406,nspellar6n@hubpages.com,ahxRWc,2777.72,Clearwater,Florida
241,Adriane Van Der Walt,3898607777,avan6o@unesco.org,T2m24I4nVbe5,9052.18,Atlanta,Georgia
242,Elias Pluck,8796955587,epluck6p@upenn.edu,pjyaYZGEp,6311.03,Nashville,Tennessee
243,Odille O'Kuddyhy,6678088317,ookuddyhy6q@noaa.gov,o2wcG5PBqVb,5052.19,Bradenton,Florida
244,Martainn Bullene,6420491044,mbullene6r@ow.ly,dTkMJ8o,3546.27,Colorado Springs,Colorado
245,Clay McWaters,6293891151,cmcwaters6s@businessinsider.com,tDmie5h,7848.61,Waltham,Massachusetts
246,Harmon McKee,8073746341,hmckee6t@networksolutions.com,tbLoTjKbRv,7624.33,Houston,Texas
247,Giffer Bourtoumieux,5947683432,gbourtoumieux6u@wunderground.com,J76sCvgQmsCM,7501.06,Roanoke,Virginia
248,Sharleen Beernaert,8680470292,sbeernaert6v@si.edu,8hJRhsvr,5576.23,Inglewood,California
249,Dominic Kayzer,7449340568,dkayzer6w@printfriendly.com,vop9dxqBoVd,8096.20,Phoenix,Arizona
250,Tommy Grafton,4913531270,tgrafton6x@tripadvisor.com,nS8UYys,4157.71,Lehigh Acres,Florida
251,Candie Benedick,3748243556,cbenedick6y@google.com,ocZ4Ocd1,3838.13,Baltimore,Maryland
252,Jacobo Sancroft,5155913888,jsancroft6z@accuweather.com,wD3T2lKbcrL,3763.50,Bowie,Maryland
253,Rosaleen Ruddoch,2341194979,rruddoch70@hud.gov,U2eQUl772d,8311.23,Sacramento,California
254,Neysa Adrain,3365122381,nadrain71@mapquest.com,H6KNdKF,7483.66,Lexington,Kentucky
255,Annaliese Mapowder,2488288599,amapowder72@fotki.com,uJJUkp9YEOg,9639.38,Lynchburg,Virginia
256,Alisha Salzburger,7886420395,asalzburger73@comcast.net,wm8cgw,6932.12,Salt Lake City,Utah
257,Griffin Goodbur,5791825562,ggoodbur74@mysql.com,saMmXGN4,4886.85,Anderson,South Carolina
258,Porter Lauritsen,2400120238,plauritsen75@icio.us,xVeGCUvVf,2573.68,Washington,District of Columbia
259,Cornie McAlister,4345579061,cmcalister76@blinklist.com,Drh3In,7990.63,San Bernardino,California
260,Inga Belward,8807745978,ibelward77@hibu.com,CbU3bvZe4b,8790.40,Atlanta,Georgia
261,Joey MacRierie,9366372091,jmacrierie78@webmd.com,51B07AvUtt6,1190.99,Baltimore,Maryland
262,Tailor McTurlough,8678147977,tmcturlough79@shareasale.com,RS7nwbcYK,5749.79,Indianapolis,Indiana
263,Carlee Harget,8192421905,charget7a@independent.co.uk,z1DhFiAu,1152.75,Irvine,California
264,Halimeda Zarfati,3888229108,hzarfati7b@reverbnation.com,WrrA14,4712.97,Port Saint Lucie,Florida
265,Rufe Twatt,9938743459,rtwatt7c@disqus.com,QsGTfZU,7835.37,Wilmington,Delaware
266,Joanne Jerke,9826511299,jjerke7d@shinystat.com,96uROgOjbI,1065.02,Washington,District of Columbia
267,Sibilla Dabell,8990426938,sdabell7e@unblog.fr,TSHrz6afBJ,4074.38,Philadelphia,Pennsylvania
268,Nelie Crangle,8788337398,ncrangle7f@ucla.edu,JVkZFVP2,4102.34,Baltimore,Maryland
269,Nanci Puleston,9586478528,npuleston7g@sun.com,Vcl82jmAOS,9221.98,San Jose,California
270,Grete Cappell,3438030504,gcappell7h@pbs.org,i8CwftooC,9550.31,Lakeland,Florida
271,Amabelle Sawell,4631450727,asawell7i@gnu.org,GLHtUBThrAmx,1173.38,Charlotte,North Carolina
272,Carmon Rubi,8787622767,crubi7j@newyorker.com,FyfQYWCI69s,8563.45,Chattanooga,Tennessee
273,Clive Corkan,8152673930,ccorkan7k@nifty.com,zHNI99KG,4453.87,San Jose,California
274,Elwin Feltham,3830762686,efeltham7l@topsy.com,jHdiQwX9CbW,8454.82,Lake Charles,Louisiana
275,Tresa Henrys,4420027299,thenrys7m@mashable.com,Tjd6Lxjf8x,5943.41,Metairie,Louisiana
276,Carlen Carlesi,8968496605,ccarlesi7n@yahoo.co.jp,D7cMtahOvjY,8336.06,Houston,Texas
277,Kris Dank,9538511093,kdank7o@nytimes.com,oMSCjEs9F,4815.85,Tampa,Florida
278,Roseanne Dake,3758826197,rdake7p@merriam-webster.com,xy193EcRf,9121.97,Schaumburg,Illinois
279,Lynnett Howden,1194418220,lhowden7q@ted.com,KDZSAgewYjA,8493.34,Honolulu,Hawaii
280,Joaquin Crowden,8691880375,jcrowden7r@vk.com,ULHteofMMs3F,2906.00,Roanoke,Virginia
281,Barclay Garard,5934861853,bgarard7s@bizjournals.com,cqndAua5,2545.46,Denver,Colorado
282,Verene Gooms,8820355165,vgooms7t@qq.com,nO17KP4bPZX,8291.08,San Francisco,California
283,Linn Lesurf,6941480848,llesurf7u@jiathis.com,R4jzxv0pWjnR,1623.07,Des Moines,Iowa
284,Cody Daly,2685978921,cdaly7v@dot.gov,VJHUYw,2179.86,Akron,Ohio
285,Barclay Sporrij,3607332980,bsporrij7w@buzzfeed.com,K82vNbt,3242.18,Modesto,California
286,Lotta Trumble,9291032124,ltrumble7x@jiathis.com,oaR4406dnRw,7564.49,Philadelphia,Pennsylvania
287,Bailey Stuchbery,6446292475,bstuchbery7y@unicef.org,DfK2fwYTY,1166.10,Honolulu,Hawaii
288,Archibold Stockford,9947677006,astockford7z@princeton.edu,VfAbtCv14oa,2253.23,Great Neck,New York
289,Briana Achurch,8981027213,bachurch80@yelp.com,uEe6HA9pPECI,7301.36,Irvine,California
290,Emanuel O'Shesnan,6535553319,eoshesnan81@weather.com,4fCg9pwoL,8389.60,Eugene,Oregon
291,Travers Cayle,1005141232,tcayle82@artisteer.com,4u9Fwr,8739.78,West Palm Beach,Florida
292,Bethena Dobbing,2215345070,bdobbing83@wired.com,Q8RnpAPPe,4786.71,Cincinnati,Ohio
293,Leese Willbraham,6088873747,lwillbraham84@tinyurl.com,CPeuptsqm,7506.86,Greensboro,North Carolina
294,Keen Tudor,8388701729,ktudor85@vk.com,JPNMy1,1487.81,Washington,District of Columbia
295,Haven Sive,4970712055,hsive86@jimdo.com,N5yPK7pu7,5663.76,San Jose,California
296,Ivy Slessar,5150100445,islessar87@hhs.gov,djBDmbgdz,3750.20,Evansville,Indiana
297,Brody Atterbury,4527646067,batterbury88@baidu.com,hvxPRtJxDx,8612.01,Palm Bay,Florida
298,Diahann Niccolls,4308153216,dniccolls89@drupal.org,mQ17p5Km,7293.95,Sacramento,California
299,Howard Yepiskopov,8253166891,hyepiskopov8a@webmd.com,Tn5WisM5ATVx,2778.31,West Palm Beach,Florida
300,Maddie Chittenden,6756280185,mchittenden8b@wp.com,X6dLcgo55aGA,8003.23,Des Moines,Iowa
301,Lezley Kundert,3221426858,lkundert8c@sun.com,9kqR1hncO,2402.63,Los Angeles,California
302,Daryn Gauthorpp,7404957492,dgauthorpp8d@google.nl,qIZA15c,6069.63,Boise,Idaho
303,Bat Tellenbach,1882627272,btellenbach8e@phoca.cz,t4gj2XYaM2,5963.50,San Jose,California
304,Dacey Feldon,1973754746,dfeldon8f@wix.com,CSSjNH,8043.14,Atlanta,Georgia
305,Dasi Gleadhell,1142651867,dgleadhell8g@blogspot.com,IS9dtLrUk,8112.44,Cleveland,Ohio
306,Carolus Cursey,6186307677,ccursey8h@google.fr,BEqpSU3,7415.04,Houston,Texas
307,Dinny Nazaret,5273815478,dnazaret8i@nature.com,l3XjM5qfoTn,6771.92,Colorado Springs,Colorado
308,Ermentrude Noblett,3594552632,enoblett8j@archive.org,iUFfcrT3CzWe,4164.42,Denver,Colorado
309,Ilsa Jouannisson,4821908438,ijouannisson8k@cbslocal.com,dbymnSOo2r,2210.98,Vancouver,Washington
310,Sammy Barford,9022031724,sbarford8l@360.cn,0VtyDXc1c0,7884.99,Minneapolis,Minnesota
311,Cassaundra Slack,9994411716,cslack8m@example.com,SUoCObmbZ16v,1816.90,Glendale,Arizona
312,Nickolaus Nadin,6365881094,nnadin8n@jigsy.com,ID11Bd2bVe,2062.47,Miami,Florida
313,Delilah Gilson,2300104180,dgilson8o@rakuten.co.jp,WSVjTCY,2358.37,Huntington,West Virginia
314,Charity Frarey,4839698158,cfrarey8p@umn.edu,HVcDlvN,1187.55,New Orleans,Louisiana
315,Zia O'Grady,4850922872,zogrady8q@timesonline.co.uk,myIxMYlOvtD,4131.70,Tyler,Texas
316,Laney South,9640094821,lsouth8r@blogs.com,tQNGmccQhJ3,9319.97,Shreveport,Louisiana
317,Justinn Fildery,3182686216,jfildery8s@odnoklassniki.ru,UaUcZh,4791.11,Bloomington,Indiana
318,Pepita Savege,3201089970,psavege8t@un.org,pCTV8Y,5796.38,Philadelphia,Pennsylvania
319,Abramo Cleife,7093890909,acleife8u@wix.com,c9BL3NA,8600.42,Saint Petersburg,Florida
320,Westbrooke Ainscow,1386966961,wainscow8v@vimeo.com,mnmYsT3j,3876.45,Jacksonville,Florida
321,Charita Speck,6545347032,cspeck8w@freewebs.com,kPLRBjjAwqGt,7670.63,Amarillo,Texas
322,Odie Durrant,9594223973,odurrant8x@altervista.org,gShPHV1fEuao,2008.58,Albany,New York
323,Danyelle Stratten,4053032836,dstratten8y@parallels.com,Jt1E9qiBRHz,1252.44,Cleveland,Ohio
324,Iver Ragate,7334435494,iragate8z@ft.com,meRWZp6x,8825.43,Kansas City,Missouri
325,Waldo Yakunkin,8555530329,wyakunkin90@bloomberg.com,g0AFpXS,1399.22,Tacoma,Washington
326,Englebert Wegener,2975170058,ewegener91@vimeo.com,rMhkE1fP8,5599.11,Cleveland,Ohio
327,Zorina Dunlop,1195727221,zdunlop92@weather.com,QXKPFx8c,2969.98,Tampa,Florida
328,Sherie Aldwinckle,2053400875,saldwinckle93@umn.edu,lTB2kYRf,7391.53,Baton Rouge,Louisiana
329,Keslie Bills,2210802701,kbills94@creativecommons.org,b8VRQlIqauY,7577.32,Pasadena,California
330,Alison Kenelin,1425115288,akenelin95@netlog.com,UbrcurN,6490.01,Rochester,New York
331,Elvin Richichi,9788275696,erichichi96@liveinternet.ru,769pNjJ,5150.69,San Bernardino,California
332,Elena Jardin,3480120003,ejardin97@soup.io,81LQvX3E0r6P,6838.51,Richmond,Virginia
333,Pate Beddon,5743683027,pbeddon98@seattletimes.com,bkEtqS,2260.37,Saint Louis,Missouri
334,Vassili Edger,3284307638,vedger99@si.edu,MF3Ywi3,4905.73,Glendale,California
335,Lynea Ibell,8198658516,libell9a@admin.ch,zttO1VB,4177.59,San Jose,California
336,Tully Tivenan,6577378480,ttivenan9b@hud.gov,w28tn2Tu2,8986.84,Washington,District of Columbia
337,Elvira Blenkinship,1748107973,eblenkinship9c@buzzfeed.com,HUlsxBXSl5,9765.09,Bradenton,Florida
338,Jilli Ioselev,1555848887,jioselev9d@wikipedia.org,qoqbRg7ary2,8128.48,Kent,Washington
339,Arlee Bust,3302505835,abust9e@yellowpages.com,hDMLXbZwVfuc,9761.90,Sarasota,Florida
340,Ford McGourty,1738732699,fmcgourty9f@bloomberg.com,KN9mdDoDV9x,8410.22,Saint Paul,Minnesota
341,Arne Kedward,9540805177,akedward9g@domainmarket.com,688btYyaRf3e,6888.49,Lakeland,Florida
342,Ezmeralda Sudell,3786846142,esudell9h@devhub.com,tt5HtjqU,4762.91,Fort Worth,Texas
343,Glynn Lindelof,3765531415,glindelof9i@themeforest.net,Ts0X4kqoce,4436.25,Lexington,Kentucky
344,Fitzgerald Winear,8967023395,fwinear9j@ameblo.jp,xLDV9R1s,2378.76,Washington,District of Columbia
345,Hiram Chartman,9065002646,hchartman9k@ehow.com,zcGWdwy6hDrm,6440.27,New Orleans,Louisiana
346,Pauly Hurtic,4757527321,phurtic9l@smugmug.com,b3SrLfLeK,6544.61,Asheville,North Carolina
347,Pedro Castrillo,3918494465,pcastrillo9m@youtube.com,d9WVVmoyUVd,5135.54,Portland,Oregon
348,Winslow Ollis,6750925816,wollis9n@lycos.com,aij8J4,4552.12,Sacramento,California
349,Jackqueline Musico,3794643511,jmusico9o@weibo.com,xmNu79,3196.40,Seminole,Florida
350,Quintina Stambridge,6016022616,qstambridge9p@time.com,ilKtPq,9075.27,Champaign,Illinois
351,Randee Kanwell,2243877399,rkanwell9q@goo.gl,c4NCA1,8436.33,Miami,Florida
352,Carleen Postlewhite,6775935366,cpostlewhite9r@g.co,BHKURhp,1559.66,Littleton,Colorado
353,Udall Levesley,9372508829,ulevesley9s@networkadvertising.org,vinODAAaxu,2651.57,Pensacola,Florida
354,Emmett Gwilt,8955339354,egwilt9t@yahoo.co.jp,7J42osPY99kJ,5714.95,Killeen,Texas
355,Halsey Rodenburgh,3056776942,hrodenburgh9u@ustream.tv,UJRGghUQtZTm,7560.05,Baton Rouge,Louisiana
356,Neill Mitchelson,4794317875,nmitchelson9v@geocities.jp,exiozoWl,6832.24,Monticello,Minnesota
357,Vanna Scrannage,6047057372,vscrannage9w@etsy.com,rCOVyeZPyP2,8628.04,Saint Louis,Missouri
358,Jeffie Duchart,7793479297,jduchart9x@wired.com,V9X53Hngd7fo,2309.32,Lakewood,Washington
359,Bruno Hoston,7392602258,bhoston9y@columbia.edu,lfsPab,7251.81,Missoula,Montana
360,Gus Eam,5987804998,geam9z@mapquest.com,Hu1uhLL02Bc,1933.59,Oakland,California
361,Arly Germaine,5047084045,agermainea0@unesco.org,cpJr7EzseE0,4399.38,Oceanside,California
362,Batsheva Shambrooke,2180261040,bshambrookea1@hibu.com,6n13Kz,9362.28,Sacramento,California
363,Lola Ibotson,8162235639,libotsona2@netlog.com,eK1OZAQBv,9246.27,Schenectady,New York
364,Wilow Fazackerley,2245917390,wfazackerleya3@wikipedia.org,M3aFySCW,5481.09,Palo Alto,California
365,Ermengarde Dunbobbin,7509924853,edunbobbina4@eventbrite.com,8G8PbuB8yP,6844.53,Montgomery,Alabama
366,Loy Sheal,9054507265,lsheala5@ask.com,YHW1Gp,8595.24,Waco,Texas
367,Richy Alcock,2618755924,ralcocka6@drupal.org,10GWSDxYF,3835.71,Lubbock,Texas
368,Lu Gainseford,6528364218,lgainseforda7@oracle.com,mM2GLSZwqX,1102.50,Milwaukee,Wisconsin
369,Lyell Entwistle,8563773952,lentwistlea8@t-online.de,LPbdFZ,8244.06,Daytona Beach,Florida
370,Zita Lammerts,9528985361,zlammertsa9@imgur.com,YA2jWeTn4en,3797.70,Washington,District of Columbia
371,Tierney Gurry,6200377961,tgurryaa@dagondesign.com,ts6l2B8rPx,2579.51,Sacramento,California
372,Waverley McLoughlin,1846906312,wmcloughlinab@cafepress.com,JTBHBLV7,8569.76,Providence,Rhode Island
373,Clair MacAiline,2360546584,cmacailineac@fema.gov,dUuD3EA,7100.81,Grand Junction,Colorado
374,Rosaleen Ruddom,4861436622,rruddomad@about.me,vOLcnOPp7DL,9586.14,New York City,New York
375,Grantley Leates,1169487505,gleatesae@163.com,UWpNzUVkbPF1,8264.21,Sioux Falls,South Dakota
376,Miran McKeag,3096278928,mmckeagaf@unesco.org,acWC7NL,4704.18,Mountain View,California
377,Harlan Plampin,4549236133,hplampinag@usatoday.com,ky8vhv0XWbl0,3892.09,Detroit,Michigan
378,Cary Furby,9879902877,cfurbyah@mit.edu,EuoBoxS4rX,6646.48,Visalia,California
379,Lorrie Castellini,9158260693,lcastelliniai@clickbank.net,XYmhtJaLV,9506.60,Spokane,Washington
380,Roma Reveland,9041035411,rrevelandaj@eventbrite.com,fnLq2b2N,6821.28,Tampa,Florida
381,Winona Pendre,4968695575,wpendreak@behance.net,pKYX9X79bn,3497.31,Pueblo,Colorado
382,Lefty Fosdike,2252652789,lfosdikeal@spotify.com,yBmJpvRetN,6517.04,Laredo,Texas
383,Gelya Ellor,4480738543,gelloram@dagondesign.com,ah7WSQiiBny,8372.90,Columbus,Georgia
384,Max Danilyuk,3294875301,mdanilyukan@microsoft.com,i0KEg8L7om,7354.55,Birmingham,Alabama
385,Kara-lynn McCarney,7363137002,kmccarneyao@cam.ac.uk,fE1c31JIq,5250.49,Madison,Wisconsin
386,Ellie Beckensall,5047203725,ebeckensallap@vinaora.com,KhLyFUBg2Wxf,9132.40,Wichita,Kansas
387,Guthrey Spragg,8420593560,gspraggaq@webnode.com,cJr08K4SeD,7490.51,Montgomery,Alabama
388,Rebe Phonix,5633135609,rphonixar@xrea.com,dVYWwgQ4F,8392.52,Fargo,North Dakota
389,Catlee Clendening,3209534583,cclendeningas@dot.gov,Nc7tEyKc5Q,7415.44,Los Angeles,California
390,Dorine Gelder,2696585880,dgelderat@tmall.com,YReUuG,3088.00,Carson City,Nevada
391,Selestina Payler,3336656859,spaylerau@china.com.cn,CcGAttbVz,7065.74,Houston,Texas
392,Blaire Hudd,6615990475,bhuddav@slashdot.org,W5asUdTDIS0D,1227.38,San Francisco,California
393,Ernie Merrilees,8321923285,emerrileesaw@npr.org,GhWVsaEj4U,6604.49,Austin,Texas
394,Frederick Burdytt,6125953451,fburdyttax@abc.net.au,73RlzQZL,3798.65,Memphis,Tennessee
395,Deena Wolters,6444207942,dwoltersay@oakley.com,Ox7r7kSXv,3927.54,Buffalo,New York
396,Blaire MacGrath,8685080632,bmacgrathaz@dagondesign.com,hcXtZbohdpcp,8948.80,Hagerstown,Maryland
397,Ashli Letch,4721103163,aletchb0@photobucket.com,XE4y2D,3274.42,Washington,District of Columbia
398,Kessiah Martellini,9886359597,kmartellinib1@imdb.com,iFyz0f,8032.15,Los Angeles,California
399,Nedi Stanborough,2469674126,nstanboroughb2@gizmodo.com,l6ZXEHVyXn,1325.82,El Paso,Texas
400,Kimberly Leguay,8110941800,kleguayb3@diigo.com,hKHJdzpmX,5768.45,Bradenton,Florida
401,Karlan Piddocke,1684574353,kpiddockeb4@cafepress.com,ZuaTRo0k,6930.79,Phoenix,Arizona
402,Celinda Feldstern,1675595954,cfeldsternb5@boston.com,wIEhup3,8648.77,Boise,Idaho
403,Jenifer Allibon,2853753377,jallibonb6@wordpress.com,6G8aPnt,3448.64,Greenville,South Carolina
404,Alyssa Peartree,7215866016,apeartreeb7@mac.com,49JEIi,7113.84,Arlington,Texas
405,Odele Impey,4866964944,oimpeyb8@simplemachines.org,b4jovjk5,5546.32,Arvada,Colorado
406,Emmy Marlon,8189537576,emarlonb9@163.com,XfCHOyGySMo,2070.75,Washington,District of Columbia
407,Padgett Reddihough,7698697362,preddihoughba@constantcontact.com,GRFOaPhD4fL2,8196.52,Baltimore,Maryland
408,Vasily Tweede,4968864835,vtweedebb@nih.gov,Sfd4aY8Pjopa,4889.87,Chicago,Illinois
409,Annadiane Keasy,9396753762,akeasybc@ca.gov,E2QjyYxpUeuA,1193.89,New York City,New York
410,Augie Armitt,3535825947,aarmittbd@mayoclinic.com,LvaGou,9289.85,Greenville,South Carolina
411,Lorianne Bolwell,6567790016,lbolwellbe@is.gd,yZgcqFkzsdS,4767.91,Miami,Florida
412,Puff Blenkensop,6272024585,pblenkensopbf@mayoclinic.com,Yfw8nrsuHKd,9451.94,Littleton,Colorado
413,Hill Barents,1415442422,hbarentsbg@yelp.com,WP2Ken,6015.86,Las Vegas,Nevada
414,Alyce Pettman,2290695535,apettmanbh@xinhuanet.com,UKDF19mg,7568.19,Palatine,Illinois
415,Randi Tallman,2483822669,rtallmanbi@networksolutions.com,8bMFexnC,8298.76,Seattle,Washington
416,Ashia Boote,8552190458,abootebj@tinypic.com,S8uQFBjIfN2,7926.49,Oklahoma City,Oklahoma
417,Petronia Fittall,4135405175,pfittallbk@umich.edu,35uKjCR,8738.00,Juneau,Alaska
418,Sherwin Frankiewicz,5005270896,sfrankiewiczbl@seesaa.net,dIlbaTDZELQ,9214.20,Watertown,Massachusetts
419,Zacherie Blanque,9585273843,zblanquebm@goo.ne.jp,TniG0MgVruL,5697.92,Des Moines,Iowa
420,Adorne Fishleigh,6909257204,afishleighbn@ezinearticles.com,6DpaHN9Z3pAr,4128.35,Houston,Texas
421,Winston Posvner,5071421048,wposvnerbo@nytimes.com,0THG5HB,3427.39,Miami,Florida
422,Karlotte Dursley,4342682523,kdursleybp@barnesandnoble.com,pA5405VMVjR,4726.21,Lafayette,Louisiana
423,Barbi Danaher,1992153460,bdanaherbq@shutterfly.com,3SwieUx,3283.92,Baltimore,Maryland
424,Federico Dagless,6999732185,fdaglessbr@columbia.edu,uEqFWt,7979.67,Richmond,Virginia
425,Lissi Richie,9796961063,lrichiebs@wikia.com,lQRckk38,1109.89,Jacksonville,Florida
426,Cristian Kingwell,8364399451,ckingwellbt@blogs.com,rEMK2zJSp9f,1807.25,Springfield,Virginia
427,Raul Tommen,5027424898,rtommenbu@feedburner.com,9C2oX8X,5308.74,Detroit,Michigan
428,Jennette Petyankin,4953206651,jpetyankinbv@ebay.com,60wfzkFi,5040.79,Erie,Pennsylvania
429,Tonye Blowick,3005879657,tblowickbw@sphinn.com,3x3yJVlby,9776.61,Sacramento,California
430,Salem Isakovitch,8994510648,sisakovitchbx@salon.com,sDQeZp,3059.87,El Paso,Texas
431,Ernesto Hallet,6381232985,ehalletby@china.com.cn,bQVhCiUJ2,8286.73,Pocatello,Idaho
432,Neille Hallagan,9663281182,nhallaganbz@virginia.edu,471GlrOvw,1774.20,Alexandria,Virginia
433,Gretna Kleinlerer,9837959983,gkleinlererc0@omniture.com,Tkh8meYS,8000.17,Springfield,Illinois
434,Cyndi Stallebrass,7301175226,cstallebrassc1@arizona.edu,E0Pv1EJ,8779.15,Los Angeles,California
435,Doralyn McGrouther,7002327531,dmcgroutherc2@digg.com,k4Xzv1REtXMu,8858.70,Bethesda,Maryland
436,Brendon Iacopo,5523304676,biacopoc3@posterous.com,yk4UM0BK,9559.91,Baltimore,Maryland
437,Kristan O'Dunniom,6854940929,kodunniomc4@hugedomains.com,dpM5p0nkj,4861.52,Duluth,Georgia
438,Juli Filipowicz,2434245801,jfilipowiczc5@nps.gov,5ocFyU33BW4P,6105.30,Columbia,South Carolina
439,Myrwyn Cammish,2153509377,mcammishc6@ucla.edu,NluE6pwhy,7241.50,Oakland,California
440,Raf Halliwell,5834852187,rhalliwellc7@yellowpages.com,CB1fwkAgy,5003.51,Raleigh,North Carolina
441,Leeanne Philot,1175153065,lphilotc8@mit.edu,LSPnALHV,6769.01,Tacoma,Washington
442,Corina McGeouch,7875542338,cmcgeouchc9@hp.com,21fVSBK1I,1377.82,Salt Lake City,Utah
443,Antonella Mayho,6977494373,amayhoca@yahoo.co.jp,O4xRNU,1692.72,Austin,Texas
444,Suzanna Wonter,4102684517,swontercb@howstuffworks.com,0bwwlfKzmhn,8651.13,Tacoma,Washington
445,Benjamin McKennan,9606675498,bmckennancc@t-online.de,h4KDeklG,6498.08,Little Rock,Arkansas
446,Alonzo Yetman,2812677215,ayetmancd@ft.com,ELidUm5uWfL,1396.87,Albuquerque,New Mexico
447,Artemas Dranfield,8755819217,adranfieldce@bravesites.com,nlNEPbu,6343.30,Baltimore,Maryland
448,Jayne Clampe,2155518051,jclampecf@dailymotion.com,kQ9IN8,6439.63,Richmond,California
449,Adrianna Tolotti,5639314497,atolotticg@google.cn,cl6rZDGPo,6482.04,Reno,Nevada
450,Willy Duding,6230941420,wdudingch@google.de,QD3ndIjNN,6535.88,Canton,Ohio
451,Vanny Longstreet,9361672365,vlongstreetci@globo.com,iWcrb3riBC,5274.52,Alexandria,Virginia
452,Corette Risdall,1476491693,crisdallcj@feedburner.com,YdnzbBSo,2640.19,Naples,Florida
453,Ashby Dubbin,1981484425,adubbinck@cnet.com,iCHbWIS,2305.64,Houston,Texas
454,Dale Kerwick,3362191545,dkerwickcl@taobao.com,1rPttIK2,6616.69,Denver,Colorado
455,Donnamarie Bene,3843959772,dbenecm@unesco.org,ko1ApD,5406.91,Pittsburgh,Pennsylvania
456,Joellyn Gilfoy,6325164696,jgilfoycn@sfgate.com,agTMokfRWlV,3138.51,Austin,Texas
457,Emiline Chevalier,1433392369,echevalierco@goo.gl,QywbuOBBc,6587.50,Milwaukee,Wisconsin
458,Kathrine Blackway,6372587868,kblackwaycp@w3.org,iBC3aGkCFT,6858.00,Miami,Florida
459,Vonny Yesichev,2290057779,vyesichevcq@reuters.com,c5UAjE,3917.17,Toledo,Ohio
460,Karee Semple,7003790692,ksemplecr@51.la,18W2jfQp,4429.81,Orlando,Florida
461,Myrna Heynen,7479172110,mheynencs@google.com,sV3EeZ,9863.56,Fort Worth,Texas
462,Huberto McPhelimy,5639114853,hmcphelimyct@cargocollective.com,VkexkBfWZ7DR,4993.90,Indianapolis,Indiana
463,Brandy Tume,4730554032,btumecu@sina.com.cn,zScqnvObzf8,9861.77,Huntington,West Virginia
464,Alfy Fawloe,2264536805,afawloecv@meetup.com,tZYsFfXykrx,5392.89,Boise,Idaho
465,Antonietta Lillo,1321885473,alillocw@weebly.com,REPG0y8uIio,3769.32,Greenville,South Carolina
466,Connie Lindeberg,9882027178,clindebergcx@umn.edu,V11SowP5X7,1120.90,Bloomington,Illinois
467,Sofie Whistlecroft,6997806942,swhistlecroftcy@house.gov,A64uYQIHd,7043.77,Raleigh,North Carolina
468,Harriet Jaxon,5662836645,hjaxoncz@europa.eu,aJOzN0gnhxP,7157.68,Washington,District of Columbia
469,Hastings Fittes,5277362629,hfittesd0@digg.com,OHsKETdd,1012.03,Cincinnati,Ohio
470,Minni Hastin,1269013947,mhastind1@amazon.co.uk,Sis1RIGi,7001.66,Chicago,Illinois
471,Kathleen Simonato,6700292685,ksimonatod2@wired.com,cgHG2GkV,7277.29,Las Vegas,Nevada
472,Elane Sedgemond,9815659521,esedgemondd3@bloglovin.com,UeDgsJ6cu1wx,9485.15,San Jose,California
473,Aviva Cordle,4455314384,acordled4@mtv.com,cxgMLuoO,6592.15,Daytona Beach,Florida
474,Blayne Piercey,9858953321,bpierceyd5@drupal.org,VqPm08JCbe,7581.43,Birmingham,Alabama
475,Nike Bevans,8690033822,nbevansd6@so-net.ne.jp,HGkKwn,2927.08,San Jose,California
476,Deni Wace,3879808393,dwaced7@symantec.com,sjfyXQDjU9ql,1757.28,Cincinnati,Ohio
477,Vi Lilleycrop,8594897505,vlilleycropd8@imdb.com,Q7vtVp3QQD,4680.72,Madison,Wisconsin
478,Tessy O'Corrane,3006360706,tocorraned9@usgs.gov,lJwhg5JIgok,5740.13,Bakersfield,California
479,Lucias Coleridge,8159584700,lcoleridgeda@nydailynews.com,Jee8uPDc3Y,3468.98,New Haven,Connecticut
480,Jeremiah Newberry,4662695459,jnewberrydb@typepad.com,z5GXRZKXgx,6503.85,Memphis,Tennessee
481,Stephana Prewer,4046884841,sprewerdc@exblog.jp,9ctPi46OO5UY,3016.16,El Paso,Texas
482,Vick Brayshay,4979070029,vbrayshaydd@artisteer.com,5jffsJMjZg,2287.00,Spring,Texas
483,Wallis Cases,7828549227,wcasesde@walmart.com,ExKdzfOz,5666.99,Newark,New Jersey
484,Brendis Bracey,6900456783,bbraceydf@netscape.com,E8Xt0f,8371.53,Seattle,Washington
485,Lonnard Vinton,9886200097,lvintondg@usnews.com,pFUESWh,3361.39,Lincoln,Nebraska
486,Kassi McCloud,7834704255,kmcclouddh@zimbio.com,BE6AOQ,6048.48,Sacramento,California
487,Izzy Pashley,9810164830,ipashleydi@epa.gov,UbBWD8Cw4L8,4044.36,Saint Joseph,Missouri
488,Rheba Clemo,6928593509,rclemodj@stanford.edu,HDuG54,7593.56,Long Beach,California
489,Sigfrid Feehily,6991481152,sfeehilydk@forbes.com,76u0jTu,9149.48,Glendale,California
490,Hewe Myrtle,6090390908,hmyrtledl@cocolog-nifty.com,lsHU4UBQTu,2314.13,Lake Charles,Louisiana
491,Gunther Casa,4124375821,gcasadm@mysql.com,ooawb8jzNyX,1924.79,Denton,Texas
492,Inge Tranckle,4423745422,itranckledn@bloomberg.com,csCgmExWg,1218.49,Torrance,California
493,Farand Filyashin,4791673805,ffilyashindo@ca.gov,xpm5G3Ey,6952.45,Temple,Texas
494,Zaria Gawen,5421064845,zgawendp@psu.edu,qPte928,1078.24,Oceanside,California
495,Orsola Turgoose,5392367248,oturgoosedq@123-reg.co.uk,8ULnrApu,6838.96,Cleveland,Ohio
496,Dasi Realff,6592471677,drealffdr@ihg.com,96SbFSoFf,8763.60,Palo Alto,California
497,Cristin Elfleet,5528394668,celfleetds@ihg.com,gKHvadJW,5776.00,New York City,New York
498,Margaux Avramov,2709775823,mavramovdt@elpais.com,ekpmuT,6693.12,Las Vegas,Nevada
499,Joelynn Kennan,2616257554,jkennandu@google.ca,cGfXdCTqb,1589.48,Boise,Idaho
500,Padgett Wickrath,7350241521,pwickrathdv@stanford.edu,bb3P5yGE7s,8459.87,Knoxville,Tennessee
501,Daisi Marshall,8317492972,dmarshalldw@amazonaws.com,aK40qxDpSx,3238.27,Arlington,Virginia
502,Hersch Siehard,4826716636,hsieharddx@youtube.com,nLSvFOYgDj,4356.02,Boston,Massachusetts
503,Drusy Akitt,2439652970,dakittdy@utexas.edu,IgWCXE7KA0i1,9544.61,Springfield,Illinois
504,Jenna Cuckson,3649414026,jcucksondz@google.com.au,f2pv0Zef,8817.11,Colorado Springs,Colorado
505,Ros Eaden,1628700528,readene0@arizona.edu,Sa4BaxOj,1178.36,Houston,Texas
506,Farrell Bathow,5391065114,fbathowe1@geocities.com,DjYBOERLMVU9,5734.24,Washington,District of Columbia
507,Natassia Felgate,1482542225,nfelgatee2@soup.io,8hXwRn,1735.62,Cleveland,Ohio
508,Sanders Brotherwood,4709390574,sbrotherwoode3@unesco.org,n116wbjT7,5232.20,Philadelphia,Pennsylvania
509,Muire Taberer,2532447265,mtaberere4@huffingtonpost.com,IrEHDBjRnFek,8880.56,Fairbanks,Alaska
510,Tabbitha Vaugham,7347556793,tvaughame5@qq.com,nCr9ZZIHDpD,6116.63,Riverside,California
511,Vonnie McKevany,5768756036,vmckevanye6@alibaba.com,hrimeeBw,8299.79,Montgomery,Alabama
512,Read Iianon,6379611737,riianone7@furl.net,qgruf2OKp,3014.28,Merrifield,Virginia
513,Patrice Folbigg,3606873080,pfolbigge8@vimeo.com,GaNiiO,9406.01,Providence,Rhode Island
514,Barbaraanne Mewitt,4811841504,bmewitte9@goo.gl,sJNlkzUJE,5046.95,Lees Summit,Missouri
515,Nat Seath,9097391434,nseathea@census.gov,thEEN6WZXrB,7325.91,Charleston,West Virginia
516,Nicol Eiler,7286469208,neilereb@google.com,GyeqrSZ1w,8679.81,Washington,District of Columbia
517,Collete Sirrell,3918042701,csirrellec@patch.com,wLddeVRk,4211.57,Flint,Michigan
518,Alexandre Epdell,9172079386,aepdelled@jalbum.net,A4LB1Q1L,6630.63,Punta Gorda,Florida
519,Rania Jaquet,9182987076,rjaquetee@redcross.org,Q4vRgLDywjn,5994.99,Woburn,Massachusetts
520,Marline Kenealy,5668038689,mkenealyef@ebay.co.uk,PQ3lJCQ8tIa,8184.17,Louisville,Kentucky
521,Cherianne Grose,4017574389,cgroseeg@geocities.com,MxpWdgF6fzFc,5445.25,Portland,Oregon
522,Karie Burnyeat,7197445275,kburnyeateh@unc.edu,nON2lB4U,4133.91,Rochester,New York
523,Berty Stranaghan,9750548204,bstranaghanei@senate.gov,NE64SUi,5170.23,Atlanta,Georgia
524,Devora Durston,4332017606,ddurstonej@newsvine.com,lGwOsxdX2niP,5086.44,Shreveport,Louisiana
525,Cassius Skaife d'Ingerthorpe,8628388838,cskaifeek@narod.ru,58NyF7Snqpo,9534.38,Peoria,Illinois
526,Quillan Firmin,8973363088,qfirminel@myspace.com,9JLNQI,8886.81,Saint Joseph,Missouri
527,Cherise MacHoste,7062168390,cmachosteem@eepurl.com,kovQgeW,9247.69,Kansas City,Missouri
528,Delila McTavish,2948716241,dmctavishen@dell.com,BOwAVGzzT,5944.65,San Antonio,Texas
529,Ulrich Saunier,2007987976,usauniereo@yahoo.co.jp,ntbOfTo,3740.36,Lancaster,Pennsylvania
530,Ingar Gun,1386570056,igunep@theglobeandmail.com,JAkfLkxXK0Jx,8523.61,Lake Worth,Florida
531,Westbrooke Purnell,6249853392,wpurnelleq@mayoclinic.com,QDBlc3l,8711.40,Amarillo,Texas
532,Gonzales Cartin,2954972425,gcartiner@time.com,LrQhWSaqL,7564.02,Milwaukee,Wisconsin
533,Erhard Gossipin,6800260781,egossipines@ft.com,MGCBIk,7724.98,Bakersfield,California
534,Dalston Pordal,9565083625,dpordalet@ask.com,xWfuaT1,6379.04,Washington,District of Columbia
535,Delores Ferrarese,4904220989,dferrareseeu@usnews.com,zVPN8Y,3174.75,Akron,Ohio
536,Catherina Trulocke,5671507765,ctrulockeev@tamu.edu,1gniKbA5,8780.17,Washington,District of Columbia
537,Findlay Heinicke,6229487829,fheinickeew@purevolume.com,xvS2ZgHJAk,9189.23,New Haven,Connecticut
538,Veradis Acuna,6801592287,vacunaex@scientificamerican.com,EfgjMn,7418.31,Panama City,Florida
539,Blake Deplacido,5243077583,bdeplacidoey@salon.com,Dme8Be,8496.91,Charlotte,North Carolina
540,Morry McQuode,3182802050,mmcquodeez@tripod.com,ecyOkwThx,3211.16,Las Vegas,Nevada
541,Vivie Bramsom,6937305300,vbramsomf0@printfriendly.com,NbCzSuUuMX,5965.14,San Francisco,California
542,Job Jamary,5359936188,jjamaryf1@samsung.com,Sg0QUq,3238.57,Charlotte,North Carolina
543,Michail Cuell,8496711821,mcuellf2@jigsy.com,jJRM8Q,3272.30,Fort Worth,Texas
544,Harp McCafferky,9176157194,hmccafferkyf3@fastcompany.com,cz4F5SfH,1952.07,Milwaukee,Wisconsin
545,Alanna Brettor,1850174029,abrettorf4@jigsy.com,Yg7Bj7o1,9143.70,San Antonio,Texas
546,Hortense Copestake,9581632434,hcopestakef5@mlb.com,2CJjQ9,9616.11,Manassas,Virginia
547,Josephine Morgans,5059297101,jmorgansf6@weibo.com,KQLgqHnOcwM,1453.16,Memphis,Tennessee
548,Wilfrid Mockett,6754066056,wmockettf7@mashable.com,83atxVmg,3825.83,Pittsburgh,Pennsylvania
549,Sayers Wash,8170936458,swashf8@foxnews.com,Y9LxR2u3ze,4248.97,Odessa,Texas
550,Mireille Gotcher,1242523872,mgotcherf9@hugedomains.com,WHag7MnNO,7977.13,Boston,Massachusetts
551,Dania Hallward,1980620076,dhallwardfa@imdb.com,uEtDJLk,1725.66,Palatine,Illinois
552,Natal Marrow,1422014547,nmarrowfb@google.com,v73LJaugcc,1761.78,Sacramento,California
553,Tabb Gillfillan,3567774182,tgillfillanfc@addthis.com,BzNc2SN2Zy9e,1371.26,Dayton,Ohio
554,Francklin Levin,8691703503,flevinfd@addthis.com,06bSoN,4243.65,Austin,Texas
555,Harris O' Dornan,9868192634,hofe@mysql.com,n5qXoW4Zzb,6170.22,Daytona Beach,Florida
556,Camella Heam,2136996252,cheamff@gnu.org,tAoVtdbG,3201.86,Durham,North Carolina
557,Terrie Giannazzi,7107882676,tgiannazzifg@mashable.com,GCJUMeC7tP7p,5435.22,San Diego,California
558,Dulcinea Di Iorio,6906981673,ddifh@netvibes.com,awkGF82,7902.57,Saint Louis,Missouri
559,Valry Ashburne,2606175520,vashburnefi@w3.org,2b8508ae,9549.45,Myrtle Beach,South Carolina
560,Dominik Morit,6475996342,dmoritfj@buzzfeed.com,80CaxDaL,8511.56,Long Beach,California
561,Ainslie Tchaikovsky,7787422241,atchaikovskyfk@mlb.com,N5Z63Pn4L2q,1342.18,Boise,Idaho
562,Tate Branchflower,4600056949,tbranchflowerfl@networkadvertising.org,QihYVLhnEef2,9685.82,Sacramento,California
563,Loralyn Caney,9775836781,lcaneyfm@ox.ac.uk,LCuWvXrPn,6740.06,Rochester,Minnesota
564,Shawn Cabena,5860456303,scabenafn@dailymotion.com,24iYIEDDAf2,7481.88,Olympia,Washington
565,Rossy Kimble,1820055760,rkimblefo@behance.net,L5FJJgQs93di,6370.40,Joliet,Illinois
566,Arney Pieracci,3246293134,apieraccifp@blogger.com,8VDclgxc0j,2886.72,Charleston,South Carolina
567,Morganne Tommei,3033018026,mtommeifq@goo.gl,vd1uDYtXzqE,3214.60,Independence,Missouri
568,Norman Dinsmore,4986745790,ndinsmorefr@macromedia.com,L3BerMjYU,9470.94,Grand Rapids,Michigan
569,Kassandra Flattman,5747723331,kflattmanfs@barnesandnoble.com,x7F5gBF8,2343.62,Nashville,Tennessee
570,Rustie Greedy,2089153974,rgreedyft@vistaprint.com,oeB1Suc,2950.66,Plano,Texas
571,Gideon Briscow,7378078202,gbriscowfu@seattletimes.com,r0OAS3Y,1908.56,Wichita,Kansas
572,Blancha Zamora,4397274590,bzamorafv@deliciousdays.com,uRF8OwnqH,5705.96,Austin,Texas
573,Whittaker Dakhov,3278679944,wdakhovfw@people.com.cn,QTRlHIB,4249.71,North Hollywood,California
574,Adelina McCarthy,8771486990,amccarthyfx@google.com.hk,o6JGJ3o0t,7295.50,Philadelphia,Pennsylvania
575,Kev Hryniewicz,8954506527,khryniewiczfy@parallels.com,Q5nVh0,4900.61,Staten Island,New York
576,Ginger Hurll,9276141086,ghurllfz@spiegel.de,ReourT7,8949.26,Palo Alto,California
577,Sallyann Brotherhead,2293263109,sbrotherheadg0@cloudflare.com,xzRUYBwGe,7060.15,Metairie,Louisiana
578,Lynette Gorger,9076260437,lgorgerg1@wired.com,tKm4LcO1PHe,4095.94,Stamford,Connecticut
579,Liuka Gun,9817652063,lgung2@t-online.de,EbThHv9,1863.49,Port Saint Lucie,Florida
580,Sharia Sillitoe,3836105898,ssillitoeg3@bandcamp.com,khQBQ2Op,6326.06,El Paso,Texas
581,Stefan Tordoff,2340854660,stordoffg4@w3.org,LSyytSHM,6899.81,Austin,Texas
582,Marisa Parsisson,5633086944,mparsissong5@miibeian.gov.cn,nDMUgmesRp,7949.68,Sacramento,California
583,Nolly Bleakley,2303588652,nbleakleyg6@woothemes.com,okMQ7fP,6980.34,Minneapolis,Minnesota
584,Jock Collop,6819917246,jcollopg7@ucsd.edu,VaSX2K,1110.12,South Lake Tahoe,California
585,Giulietta McDyer,3368991949,gmcdyerg8@cmu.edu,YJZihk,1403.31,Torrance,California
586,Loni Frowd,8069732656,lfrowdg9@constantcontact.com,kJBOwUVP,4334.48,Gastonia,North Carolina
587,Roosevelt Roberts,4396784380,rrobertsga@imageshack.us,WVnBgsovdq,1261.96,Greenville,South Carolina
588,Mirabelle MacIan,7628974944,mmaciangb@clickbank.net,VwDkBhq,4719.72,Columbus,Georgia
589,Abbie Emmerson,4827121065,aemmersongc@ebay.co.uk,6Xx7iy,4938.90,Gary,Indiana
590,Miltie Tern,3552322657,mterngd@reference.com,CLrvwohj,1203.51,Washington,District of Columbia
591,Marika Kinnerley,8079093811,mkinnerleyge@cnet.com,gMvskp9By6,9582.28,Irvine,California
592,Matthieu Cummungs,5179953086,mcummungsgf@ucsd.edu,CnYJBKYsbiLq,4241.72,Indianapolis,Indiana
593,Christiano Clyma,7778171432,cclymagg@google.es,IYI4S8H,1056.75,Silver Spring,Maryland
594,Dall Frankom,6851735194,dfrankomgh@nbcnews.com,I4pTy3xo,9447.25,Corpus Christi,Texas
595,Jessalyn Blaksley,1537388918,jblaksleygi@wordpress.org,FVYXj58Laq,9312.30,Phoenix,Arizona
596,Sergei Widmoor,4283626419,swidmoorgj@creativecommons.org,zqZBG2,3151.94,Detroit,Michigan
597,Dorothee Dyzart,6591868732,ddyzartgk@princeton.edu,UnPbyikXmQfm,4597.11,San Francisco,California
598,Krissie Couch,6893153807,kcouchgl@nasa.gov,qrDUwKP,6892.93,El Paso,Texas
599,Madelina Rumin,2098887361,mrumingm@webs.com,Rjcd5Q,8279.34,Charlotte,North Carolina
600,Tabbie Klamp,4604133181,tklampgn@nytimes.com,SLC0llSGm,1850.61,Suffolk,Virginia
601,Willetta Lavielle,2086605490,wlaviellego@gravatar.com,2qg5CtqoQ,7071.48,New York City,New York
602,Mab Bann,2061426085,mbanngp@feedburner.com,LAJGMH,2875.49,Kansas City,Missouri
603,Gavrielle Kobes,5305289414,gkobesgq@furl.net,U6Zhz3G0t,7907.07,Denver,Colorado
604,Illa Prandi,5886412018,iprandigr@theglobeandmail.com,rUGJDBqM799t,4091.94,Amarillo,Texas
605,Ariella Basilotta,6500853865,abasilottags@odnoklassniki.ru,o4pHK1S9jEKg,7272.80,Seattle,Washington
606,Corissa McCrum,8756150633,cmccrumgt@example.com,yhaoHef,1656.25,Hartford,Connecticut
607,Wallis Dullaghan,3905385308,wdullaghangu@cnn.com,qfFgmkqDZ,4636.65,Kansas City,Kansas
608,Calley Munt,5461026872,cmuntgv@goo.gl,MFyXqxJrNE,4881.61,Harrisburg,Pennsylvania
609,Zandra Beeching,1027563203,zbeechinggw@issuu.com,RhCVBsAt,2139.88,Erie,Pennsylvania
610,Efren Lisle,1066957570,elislegx@eepurl.com,Ea3xknn,4575.59,Honolulu,Hawaii
611,Judie McCray,7225777310,jmccraygy@amazon.com,qlEAoG67c,3698.99,Fresno,California
612,Daron Reisk,9150755266,dreiskgz@google.es,zLLQUy,3251.76,Sacramento,California
613,Joete Gero,1312187347,jgeroh0@gov.uk,Ivzznebi,3625.29,Alexandria,Virginia
614,Linc Jedrzejewsky,6984062857,ljedrzejewskyh1@skype.com,hJek5cNsvv,6285.62,San Antonio,Texas
615,Galina Canto,9821853040,gcantoh2@fastcompany.com,8J3Vu6,3092.67,New York City,New York
616,Marius Iacovelli,4422433266,miacovellih3@xrea.com,5OLKZnexI6s9,3678.45,Salem,Oregon
617,Jobie Thews,5141460417,jthewsh4@homestead.com,CKh6D5,8085.58,Washington,District of Columbia
618,Brocky Stigers,6185334326,bstigersh5@amazon.co.jp,ZcMwCP0DVwGj,6385.14,Kansas City,Missouri
619,Norbie Besset,5154650135,nbesseth6@ning.com,XdPOpRDYp,8889.32,San Jose,California
620,Karlotta Thomas,3140411421,kthomash7@clickbank.net,7nIYkpe,8224.86,Cincinnati,Ohio
621,Buddy Puddefoot,7442542095,bpuddefooth8@yahoo.co.jp,oAwlHu,8587.22,Richmond,Virginia
622,Rosanna Levins,6313658237,rlevinsh9@ed.gov,7fV3bf1i2gVm,3094.11,Denver,Colorado
623,Grange Axten,1260969509,gaxtenha@photobucket.com,8khm8wR,6491.09,Riverside,California
624,Alexandra Stronach,9130271948,astronachhb@census.gov,cgUWJ5bu9UJ,7098.21,North Las Vegas,Nevada
625,Ali Shoreman,8105375105,ashoremanhc@nifty.com,YuImlC,6923.26,Tucson,Arizona
626,Sherlock Eppson,9117472100,seppsonhd@slashdot.org,x1vQAcXJZo,4839.63,Berkeley,California
627,Kathryne Hardwicke,8079553153,khardwickehe@istockphoto.com,FegSip2Xkvl,7923.46,Lexington,Kentucky
628,Frederich Obal,5556522271,fobalhf@alibaba.com,OykH46lcJCTw,4654.02,Boston,Massachusetts
629,Dannie Withringten,2810238159,dwithringtenhg@yellowbook.com,hW82k6WTfbl,5919.26,Amarillo,Texas
630,Andie Nicolls,3898594956,anicollshh@wikispaces.com,OrTuvvc,7121.35,Portland,Oregon
631,Jonas Kirsche,7467075952,jkirschehi@reference.com,BF1xEUAo,2234.93,San Jose,California
632,Murdock Whytock,1195824058,mwhytockhj@walmart.com,nzGxzm,2458.78,South Bend,Indiana
633,Donia Reeday,7274692313,dreedayhk@devhub.com,n7OGoby,8433.12,Lincoln,Nebraska
634,Effie Wardrop,9954452277,ewardrophl@scientificamerican.com,hiKsK7NF,5568.90,San Antonio,Texas
635,Christy Lovering,1654819288,cloveringhm@360.cn,dNFtjTFd3Sgy,5228.97,Charlotte,North Carolina
636,Costa Egginson,4116474356,cegginsonhn@paginegialle.it,unvzSr,6092.38,Lafayette,Louisiana
637,Vivian Bowers,1374554079,vbowersho@skype.com,AI2SIw,7378.48,Washington,District of Columbia
638,Thomasina Gettings,4858847166,tgettingshp@forbes.com,kcDCWBrxe,9716.06,Tacoma,Washington
639,Sarena Scarf,5670384428,sscarfhq@google.es,VZydiL,4035.87,Carson City,Nevada
640,Winonah Brevitt,9494359677,wbrevitthr@cafepress.com,aTKKN8pnaTf,3011.28,Reston,Virginia
641,Launce Tuite,7694982160,ltuitehs@skyrock.com,ruGTZfWzZ3,5530.81,Norfolk,Virginia
642,Anastasia Strong,7057385959,astronght@amazon.co.jp,u9dAir,4551.07,Flint,Michigan
643,Tessie Poulsum,3756426720,tpoulsumhu@ftc.gov,zbjVXP6y4CQm,9756.70,Syracuse,New York
644,Linell Apdell,7768288286,lapdellhv@stanford.edu,WDsoi0seE6,1802.39,Boise,Idaho
645,Colene Mandrey,5710264987,cmandreyhw@cbc.ca,ksBgFA,4763.24,Sandy,Utah
646,Noelyn Olivazzi,5369321056,nolivazzihx@msu.edu,eDjgHgh2xR,7917.80,Escondido,California
647,Miller Davydkov,5677171382,mdavydkovhy@foxnews.com,BUxJgS,4730.54,Albany,New York
648,Sarge Fury,8890104296,sfuryhz@gizmodo.com,uZNJ37kMKn5s,3354.85,Milwaukee,Wisconsin
649,Ardelis Gookes,6088658805,agookesi0@buzzfeed.com,m4Xl5ywY,8082.13,Las Vegas,Nevada
650,Gerrard Osgardby,8939445307,gosgardbyi1@dyndns.org,0Ca0OSwFrV,8773.03,Midland,Texas
651,Randolph Norster,2904933279,rnorsteri2@cnet.com,8hMX3B,1400.32,New Orleans,Louisiana
652,Gaylord Basso,2470049028,gbassoi3@deviantart.com,RjiBW2Dilc,5939.32,Atlanta,Georgia
653,Clywd Pochon,9159618880,cpochoni4@auda.org.au,KA4LhtJ8HmF,5728.47,Fresno,California
654,Analise Hallihan,4051700001,ahallihani5@ifeng.com,wd9J8NneytNO,2984.53,Austin,Texas
655,Hobard Soigne,5430272044,hsoignei6@icq.com,gVXb3vEoZ,4561.59,Los Angeles,California
656,Martainn Barhams,7834742626,mbarhamsi7@msn.com,UgQp7UnFE,1004.61,Denton,Texas
657,Juan Ewings,3914609861,jewingsi8@ezinearticles.com,SOuKJK,5678.63,Lexington,Kentucky
658,Ode Wrench,6455420552,owrenchi9@pinterest.com,mMbqV3j7,3716.94,Van Nuys,California
659,Saba Managh,7185549067,smanaghia@networkadvertising.org,8T02SGCTjS,6350.17,Los Angeles,California
660,Violette Duetschens,9417663262,vduetschensib@hubpages.com,VjV1vqZKW5I,9911.55,Augusta,Georgia
661,Alexandra Faulconbridge,9526763774,afaulconbridgeic@gnu.org,ryIONEACAK9,9763.10,El Paso,Texas
662,Merrile Koche,2964934575,mkocheid@arizona.edu,iZIzmh4lPb,3427.16,Kansas City,Missouri
663,Rossie Buglass,6040737770,rbuglassie@harvard.edu,XFnfk8Dt,4804.71,Charlotte,North Carolina
664,Dena Bidewell,9010821333,dbidewellif@hatena.ne.jp,Xq7TxBs2Y,9091.87,Maple Plain,Minnesota
665,Cordy Bisson,5835095039,cbissonig@nytimes.com,pDRpKkf,6406.82,Orlando,Florida
666,Flinn Fidian,6322796376,ffidianih@dyndns.org,exTTzj7,1112.72,Boca Raton,Florida
667,Melly Gourdon,1650833189,mgourdonii@flavors.me,pERlthog,9031.14,Rockford,Illinois
668,Margot Wayte,7631817006,mwayteij@scribd.com,mEaoe8u8BH,4965.30,Huntington,West Virginia
669,Moe Dimeloe,2532209158,mdimeloeik@tinypic.com,KnuDoc,1561.06,South Bend,Indiana
670,Dulcea Robelet,7461029063,drobeletil@noaa.gov,mjeITMZ3A0J,5819.96,El Paso,Texas
671,Aryn Bouldon,6082481453,abouldonim@businesswire.com,4Dy4B2,2125.33,Reno,Nevada
672,Marylou Clemensen,7497164195,mclemensenin@europa.eu,RUPAK99,4443.82,Birmingham,Alabama
673,Even Loseke,8150191838,elosekeio@google.fr,TIudESCYi1f,3340.12,Laredo,Texas
674,Tabatha Wickens,4020985325,twickensip@mtv.com,f14aACmYPxO,7667.42,Jamaica,New York
675,Sidoney Basford,1425991078,sbasfordiq@behance.net,djvRjXgQ5Xu,1990.79,Reston,Virginia
676,Maggy Jouanet,3018143014,mjouanetir@etsy.com,wPTC8NrZLZ,7525.08,Huntington,West Virginia
677,Alanah Frane,1483270893,afraneis@tmall.com,KXSOcan,1787.89,Austin,Texas
678,Robbyn Penwell,2759487438,rpenwellit@google.de,RPHh186QAM,7667.12,Newark,Delaware
679,Doloritas Vasilyevski,1737268695,dvasilyevskiiu@techcrunch.com,n3nMyIevW,8370.27,Madison,Wisconsin
680,Theresa Mole,1121198789,tmoleiv@sciencedirect.com,Dz0cP2OhPdP,8939.62,Roanoke,Virginia
681,Brant Rodgerson,9510984182,brodgersoniw@addtoany.com,KFaJ5LIZO8m,4673.68,Waco,Texas
682,Aluin Messier,2124831033,amessierix@blog.com,0y6xNsWwLmU,4449.63,Memphis,Tennessee
683,Ward Gibke,2591727857,wgibkeiy@ox.ac.uk,W7rUsFXqkm,4320.82,Albany,New York
684,Daisie Larrington,3296596663,dlarringtoniz@sina.com.cn,CVvGA95S,8842.09,Pittsburgh,Pennsylvania
685,Brodie Peepall,1295813707,bpeepallj0@360.cn,nWu5Ei6,9446.61,Spring,Texas
686,Gilburt Lingwood,4923411394,glingwoodj1@illinois.edu,kiGp0M,2546.72,Reno,Nevada
687,Lesli Levee,5922714179,lleveej2@shinystat.com,ZffrIQgeg,6728.97,Sacramento,California
688,Karlee Triggs,7821659437,ktriggsj3@jiathis.com,4GNG0lSk,9670.69,Southfield,Michigan
689,Jeremie Emberton,2447508572,jembertonj4@trellian.com,pm9Id8KZMs6,1160.62,Omaha,Nebraska
690,Stefan Horry,3200329550,shorryj5@google.com.hk,sRIJB6,7636.95,Minneapolis,Minnesota
691,Erinna Styles,9907299424,estylesj6@meetup.com,NbpSm8gjz,6087.83,Kansas City,Missouri
692,Rees Mowat,2816463265,rmowatj7@census.gov,M8VUUDaW,8561.55,Madison,Wisconsin
693,Darren Biskup,7555884269,dbiskupj8@ifeng.com,Fq655c1i,3303.75,Augusta,Georgia
694,Barnard Bello,2307381309,bbelloj9@about.com,fP7bAAw,9575.58,Charlotte,North Carolina
695,Benton Trussman,5083562273,btrussmanja@nymag.com,TWmw3yZj,9636.75,Detroit,Michigan
696,Ginevra Schurcke,2424859974,gschurckejb@psu.edu,IM5s4lAON,9107.46,Fort Smith,Arkansas
697,Buddie Martignon,1488728108,bmartignonjc@friendfeed.com,CzfTIa7Xco8,6767.37,Tucson,Arizona
698,Melody Gossage,7810922813,mgossagejd@gravatar.com,FkRxfG8R126R,7956.12,Buffalo,New York
699,Beauregard Tackes,3204254925,btackesje@cmu.edu,lZFi3yGSKHl,9341.50,Roanoke,Virginia
700,Mischa Standeven,6100936811,mstandevenjf@reuters.com,ozBZMugQ3y,7222.61,Seattle,Washington
701,Bear Jaskowicz,3622123502,bjaskowiczjg@reuters.com,VFK8b8vVk4F,7420.76,San Francisco,California
702,Vikki Butson,7081884878,vbutsonjh@multiply.com,befXGK4nEj,9135.68,Philadelphia,Pennsylvania
703,Donia Stobbart,9573361082,dstobbartji@uol.com.br,gyeHvKc,4041.45,Detroit,Michigan
704,Letisha Simionescu,4379168985,lsimionescujj@studiopress.com,SqMUxPti,7755.44,Manassas,Virginia
705,Kelley Hague,3441513932,khaguejk@seattletimes.com,XhgxbDKHilE,6758.53,Spring,Texas
706,Sharia Houston,4240653470,shoustonjl@dmoz.org,g1l398pr,7442.22,Daytona Beach,Florida
707,Aurelie Laver,1286812677,alaverjm@msn.com,7Yj2GaErlWwx,4932.15,Great Neck,New York
708,Devin Ruprecht,9121881573,druprechtjn@vkontakte.ru,mgxI0Kg,7389.54,Salt Lake City,Utah
709,Patience Bellay,4186514271,pbellayjo@sitemeter.com,6Ans7WxXHDv,2390.26,Detroit,Michigan
710,Jeremias Kleinstub,7188142747,jkleinstubjp@google.com,Tdm9XoIF4j,8180.21,Seattle,Washington
711,Brantley Spincke,3721986573,bspinckejq@epa.gov,IjX6J1K,8324.52,Washington,District of Columbia
712,Rasla Bulmer,7037727989,rbulmerjr@shutterfly.com,42j7U6MeQ,7578.21,Milwaukee,Wisconsin
713,Jaime Merton,1667538245,jmertonjs@google.pl,QuEf4x3W,5424.94,Bridgeport,Connecticut
714,Boigie Fayer,2639725916,bfayerjt@aboutads.info,4KL4SAjdz,3668.70,Houston,Texas
715,Sybilla Silkstone,8334693176,ssilkstoneju@google.co.jp,q4ANDEN,8250.65,New York City,New York
716,Angele Bourget,7792081284,abourgetjv@youtu.be,9YeFl61wp,3804.25,Fresno,California
717,Massimiliano Heinert,9282586771,mheinertjw@goo.gl,BWSHrslcN,2126.76,Erie,Pennsylvania
718,Ad Smallcomb,3429137296,asmallcombjx@forbes.com,L4zOr1ic,4701.14,Lakewood,Washington
719,Roanna Dudhill,2505538214,rdudhilljy@bandcamp.com,KOyUXwjsY6,8023.45,Pittsburgh,Pennsylvania
720,Stanislas Murton,2989138932,smurtonjz@yandex.ru,Yqb4hw9OM7l6,9433.32,Pensacola,Florida
721,Cathrin Tonry,2820010519,ctonryk0@jimdo.com,Fky7ZV7g,7114.54,El Paso,Texas
722,Melina Cissell,6297252989,mcissellk1@nymag.com,lyCKxrK4aVE,3247.20,Tucson,Arizona
723,Emory Shilleto,5814885388,eshilletok2@ftc.gov,iWJO3nDf2f,1606.30,Pompano Beach,Florida
724,Paulie Honnan,5333140061,phonnank3@businesswire.com,b0jQcou2Za0r,1760.18,Brockton,Massachusetts
725,Eddy O' Culligan,3481314176,eok4@histats.com,DbxtfHpe,8718.35,Akron,Ohio
726,Tabby Galero,1301691965,tgalerok5@ox.ac.uk,fCv2ljn5h1,6840.04,Spring Hill,Florida
727,Celeste Oleksiak,9232952748,coleksiakk6@fotki.com,9G9M52s,8000.00,Cincinnati,Ohio
728,Marie Yakebowitch,2451318245,myakebowitchk7@w3.org,OZZ3QOY3bFQH,3138.01,Daytona Beach,Florida
729,Pippo Walkey,6462973748,pwalkeyk8@meetup.com,9BedoMGal,4151.70,Houston,Texas
730,Markus Cattow,9855671441,mcattowk9@eventbrite.com,DEZWxEll,9356.45,El Paso,Texas
731,Aila Guage,7813664058,aguageka@columbia.edu,pRsoasxJMIL,4974.39,Miami,Florida
732,Nelia Albers,4965273058,nalberskb@icq.com,vjeqj1o,2259.56,Fort Worth,Texas
733,Humfrid Pauleit,2351036341,hpauleitkc@bing.com,VCe1dyt4SK,8615.11,Washington,District of Columbia
734,Alanson Suttell,6750211364,asuttellkd@digg.com,jx2Ef5,6923.40,Boise,Idaho
735,Quinn Steanyng,5244848844,qsteanyngke@about.me,pP9kcFNaVUFq,4169.93,Columbia,Missouri
736,Janot Klagges,2090852652,jklaggeskf@prnewswire.com,v7dUFkFn7Ht,9696.70,Montpelier,Vermont
737,Linea Follacaro,6436598186,lfollacarokg@wp.com,kT5c2Yx5,5027.42,Newton,Massachusetts
738,Isa Leggs,3082973355,ileggskh@tamu.edu,xeJBk19Q,7500.92,Atlanta,Georgia
739,Kylie Chatt,4851624774,kchattki@discuz.net,vJV87HvWrlh,5512.98,Birmingham,Alabama
740,Isa Wedlake,2502265978,iwedlakekj@shop-pro.jp,B4BT1IADLfZ,5492.38,Davenport,Iowa
741,Desirae Ferrao,9884143253,dferraokk@tiny.cc,9LIyT3SK,9024.10,Shreveport,Louisiana
742,Hortense Lynde,2491489831,hlyndekl@mapy.cz,zqRMZaSKCZ,1154.12,Atlanta,Georgia
743,Jule MacFaell,1839438501,jmacfaellkm@soup.io,dZUaOpqgp,8963.63,Albuquerque,New Mexico
744,Lea Goodwin,3719235911,lgoodwinkn@comsenz.com,Dafa7vL8rA,6212.61,Providence,Rhode Island
745,Noella Stare,7786533562,nstareko@biblegateway.com,wP7WhoVouJk,3714.36,Austin,Texas
746,Clemens Lidgley,2951499558,clidgleykp@epa.gov,yFlZ6DY,6935.75,Canton,Ohio
747,Marcile Enriquez,8546117589,menriquezkq@photobucket.com,S54u6CRqCC,4211.09,Anaheim,California
748,Selig Dovidian,8117850462,sdovidiankr@opera.com,bPbgaSfRlaHY,5596.39,Mansfield,Ohio
749,Warde Toland,9343707149,wtolandks@amazon.co.uk,feMWoa7RUb2,9255.24,Tacoma,Washington
750,Ferrel Faill,4090379075,ffaillkt@php.net,lhm5TQR,4690.48,Lake Worth,Florida
751,Diana Jerrolt,8308961463,djerroltku@github.io,UjG1pws2i4m,8368.85,Tucson,Arizona
752,Tasha Espie,7967370131,tespiekv@oracle.com,Bm2gF3H,2023.35,Clearwater,Florida
753,Jeremie Greenless,3980071566,jgreenlesskw@flavors.me,VntqdtkQgm,2930.06,El Paso,Texas
754,Chick Sicily,3489797538,csicilykx@ehow.com,WcqkUkGhw9,8006.73,Fort Wayne,Indiana
755,Sebastian Duligall,8960053516,sduligallky@photobucket.com,MCsJaB,4786.04,Los Angeles,California
756,Lexine Cruft,5099292160,lcruftkz@tuttocitta.it,bDyQobkfEI9,1129.03,Oklahoma City,Oklahoma
757,Bing Gillino,6554657574,bgillinol0@imdb.com,SrBuf899hN,8106.11,Hartford,Connecticut
758,Cyrille Paolo,9588321732,cpaolol1@businessinsider.com,I4hF30gh,9650.37,Hampton,Virginia
759,Ella Cleugher,7274921975,ecleugherl2@blinklist.com,AOCUzP693Oqe,4937.85,El Paso,Texas
760,Cal Briance,8687865682,cbriancel3@xrea.com,n5hFLepFQZ,5973.00,Little Rock,Arkansas
761,Danni Cianni,7971358460,dciannil4@reference.com,qIbW4y,3662.61,Washington,District of Columbia
762,Alys Fake,5134279903,afakel5@github.io,JZBxol,5034.07,New Hyde Park,New York
763,Elinore Henze,5738235352,ehenzel6@craigslist.org,ykubSGf,8695.65,Fayetteville,North Carolina
764,Melloney Lumb,5546291374,mlumbl7@ox.ac.uk,oCisYl6,1601.19,Shawnee Mission,Kansas
765,Sibbie Kemball,7993823698,skemballl8@theguardian.com,OU4DKfmR3,2298.29,Jacksonville,Florida
766,Madeleine Reims,7024944064,mreimsl9@ocn.ne.jp,jwaPZT0t,3597.79,Las Vegas,Nevada
767,Laurena Hanhardt,1366997771,lhanhardtla@narod.ru,lyDidAF,3868.25,Wichita,Kansas
768,Reba Heditch,4782141968,rheditchlb@reuters.com,n5BRPQCQ,3928.97,Bellevue,Washington
769,Kylila Stilly,3005352117,kstillylc@w3.org,dru2DL,3287.31,Durham,North Carolina
770,Katrina Neilly,5077817178,kneillyld@prweb.com,D1iuMW3zU,5304.81,Norwalk,Connecticut
771,Terrill Ditt,9651529370,tdittle@noaa.gov,U75jU1eWKJeM,8190.94,Minneapolis,Minnesota
772,Ives Duke,9945211286,idukelf@instagram.com,LsJNfyLM,4032.81,Kansas City,Missouri
773,Thomasina Brightling,6190672715,tbrightlinglg@alibaba.com,lRDW8iY,2887.27,Santa Ana,California
774,Bat Fasler,1609055870,bfaslerlh@walmart.com,GTYEdb,3934.26,Dallas,Texas
775,Lothaire McCaughey,2591724497,lmccaugheyli@youtu.be,gCaKhsnRul2,2035.07,Pasadena,California
776,Sheilakathryn Yurov,6025279848,syurovlj@walmart.com,uXjj16aW,9354.48,Houston,Texas
777,Dyna Canner,7321601112,dcannerlk@e-recht24.de,ARcxdyIO,3647.97,San Jose,California
778,Bethina Aharoni,9420488768,baharonill@wix.com,fZw3gX7Y,2463.30,Gary,Indiana
779,Andriette Akhurst,6711301595,aakhurstlm@simplemachines.org,GyGugFCxe,7963.78,Ventura,California
780,Leicester Yglesia,8023667961,lyglesialn@altervista.org,xXFtdtGeW09,4680.49,Knoxville,Tennessee
781,Tony Aulds,9204417797,tauldslo@google.ru,7NicN9D1BK2P,7872.72,Worcester,Massachusetts
782,Zia Dryden,5426847177,zdrydenlp@marriott.com,H1eBPU,6745.32,Houston,Texas
783,Cara Calabry,4424991302,ccalabrylq@shop-pro.jp,N7yFnQwb11dv,2349.23,Provo,Utah
784,Ugo Dauncey,6958691192,udaunceylr@ifeng.com,UMae9QDag,5009.97,Chicago,Illinois
785,Mace Tomkiss,8216697415,mtomkissls@google.es,aFZ3sG4,5587.55,Baton Rouge,Louisiana
786,Melonie Ellesworth,8801737273,mellesworthlt@merriam-webster.com,97vbbhe7,5419.65,El Paso,Texas
787,Stormi Harring,2307861843,sharringlu@blogspot.com,5bUnn6Q,7904.46,El Paso,Texas
788,Ninnetta MacFadzean,9645692372,nmacfadzeanlv@gov.uk,XP9C4yQa,5902.28,Cedar Rapids,Iowa
789,Livvyy Timblett,3204391066,ltimblettlw@woothemes.com,3G1G3tPd4S,6616.26,Tucson,Arizona
790,Pincas Glowacha,8912232140,pglowachalx@bluehost.com,fBf3GCMwM2cK,4184.48,Henderson,Nevada
791,Luciana Danahar,9144268737,ldanaharly@usnews.com,gs3W02zrXS,4870.33,Gastonia,North Carolina
792,Friedrich Kittel,1056118710,fkittellz@tinyurl.com,vJP2DIRmgKw,9329.40,Spring,Texas
793,Salem Groucock,9158133041,sgroucockm0@uol.com.br,oNS9BjOj7,5603.07,Ogden,Utah
794,Louisa Steuhlmeyer,3952516916,lsteuhlmeyerm1@w3.org,0MxfSl0RY,8052.66,Newark,New Jersey
795,Dilly Grennan,1631802049,dgrennanm2@npr.org,HtCGqfwlRrTB,5249.24,Phoenix,Arizona
796,Alika Heineking,3558775757,aheinekingm3@nymag.com,iyPCkfA1q1l,1865.15,Terre Haute,Indiana
797,Janene O'Sculley,4737443635,josculleym4@goo.ne.jp,ua2k4WFfqO,5738.59,Oklahoma City,Oklahoma
798,Kaspar Schrei,1740181803,kschreim5@jugem.jp,i1ieFFzFAj,5723.89,Washington,District of Columbia
799,Tedman Godman,1973683873,tgodmanm6@google.co.uk,QAhAIxk6,3802.42,Fresno,California
800,Herold Poate,9247019984,hpoatem7@illinois.edu,IVQbwGoadJ,7710.19,Amarillo,Texas
801,Tim Matzkaitis,8924464081,tmatzkaitism8@bing.com,sJjLTwmgXjk,3290.84,Washington,District of Columbia
802,Brod Jandl,4502570210,bjandlm9@nationalgeographic.com,y6LEAlPDSb,4384.10,Dayton,Ohio
803,Orran Weldrake,5094108802,oweldrakema@ca.gov,Cesa3w9IF4,9793.59,Sacramento,California
804,Hanna Harwick,3825630507,hharwickmb@ovh.net,fwhvVkSj,3436.09,San Francisco,California
805,Shalne Churchlow,8594647170,schurchlowmc@bloglines.com,RN2fckrr,8832.85,Washington,District of Columbia
806,Conrad Snuggs,2031163409,csnuggsmd@kickstarter.com,1eTnJdau1W,5864.23,Houston,Texas
807,Cory Tappor,7070745893,ctapporme@vimeo.com,d7Kf2SXkVa5,5935.41,Hollywood,Florida
808,Chip Wake,1954185877,cwakemf@nbcnews.com,07XCExz1QzKM,6679.31,Pueblo,Colorado
809,Annora Sharvell,1369400509,asharvellmg@ted.com,EMt57xC,7996.34,New York City,New York
810,Nikkie Duffield,1268737417,nduffieldmh@un.org,8mhQLWg,3307.95,Duluth,Minnesota
811,Tommy Rasmus,9006748624,trasmusmi@cam.ac.uk,Fy3X5jFG658,6639.92,Tacoma,Washington
812,Karel Petr,2264540297,kpetrmj@newyorker.com,QFoa2bFl,9763.32,Battle Creek,Michigan
813,Enrique Annakin,2990137807,eannakinmk@statcounter.com,9XXjbVP9iwi,7372.23,Tacoma,Washington
814,Octavia Godman,5958320266,ogodmanml@pcworld.com,pYAnQyE,3818.50,Pittsburgh,Pennsylvania
815,Allister Mantram,6241649088,amantrammm@pcworld.com,MhH3V4dFfk,1461.18,Lexington,Kentucky
816,Budd Dugmore,3841912576,bdugmoremn@hc360.com,029ZIj1,5994.44,Northridge,California
817,Edee Dudeney,4369290058,edudeneymo@mayoclinic.com,F7omjfmyKEdy,5376.38,Oklahoma City,Oklahoma
818,Jacynth Colloff,4038205664,jcolloffmp@gizmodo.com,rbCbgz4ugJL,9587.55,Spring,Texas
819,Nariko Orneblow,2527121034,norneblowmq@jiathis.com,IfcdcKe1o,4704.22,Garland,Texas
820,Suki Spinage,4319840749,sspinagemr@rakuten.co.jp,BTq3hz,5958.68,Alexandria,Virginia
821,Bone McAllen,5258578526,bmcallenms@ebay.co.uk,63aDStT,9540.61,Saint Cloud,Minnesota
822,Merrill Gudgeon,3702327617,mgudgeonmt@virginia.edu,a8BwBA,7402.59,Salinas,California
823,Edi MacClay,9531632769,emacclaymu@dedecms.com,7UF4zjE,8129.76,Lakewood,Washington
824,Timmie Van Baaren,4882895229,tvanmv@yahoo.com,2H2BnOb,4314.56,Daytona Beach,Florida
825,Nissie Thomasen,2217389301,nthomasenmw@unicef.org,wYiEr3ShPk4,3926.90,Charleston,South Carolina
826,Mufinella Wellum,6145259213,mwellummx@live.com,pOo63FgY3,4372.38,Young America,Minnesota
827,Caryn Routhorn,2464972722,crouthornmy@myspace.com,J3C9ya8jtp,1417.67,Dayton,Ohio
828,Sacha Ianson,9935692880,siansonmz@last.fm,GDfDet,8324.78,Bakersfield,California
829,Lorelle Wedon,1149776219,lwedonn0@census.gov,9jZGmGUAwzL,5608.34,Charlotte,North Carolina
830,Farica Harvett,9554033273,fharvettn1@marketwatch.com,uKjjWDLG,7046.05,Houston,Texas
831,Grantham Sotheron,1192516534,gsotheronn2@netlog.com,jyc0WAH7,2285.29,Memphis,Tennessee
832,Paige Pilmer,1178624442,ppilmern3@clickbank.net,3DkcnYBZ1,3884.84,Dallas,Texas
833,Estelle Draycott,9686384214,edraycottn4@jigsy.com,PRulg3nFNCKT,2836.37,Roanoke,Virginia
834,Aryn Axston,1937756934,aaxstonn5@mediafire.com,iXhIWr1,2218.86,Wichita,Kansas
835,Mommy Petrecz,7505962099,mpetreczn6@dyndns.org,y6RdsxZAh5NJ,8863.67,Cheyenne,Wyoming
836,Jabez Garces,3821751318,jgarcesn7@deviantart.com,rkRQhA,9441.12,Boca Raton,Florida
837,Lefty Neild,2998724504,lneildn8@istockphoto.com,KYuHU1J3lm,4598.68,Bronx,New York
838,Wini Cron,3109691595,wcronn9@bbb.org,gWU4afw,4437.09,Oklahoma City,Oklahoma
839,Libby Maestro,7089797586,lmaestrona@wikimedia.org,itkcYYr3N1,2937.42,Round Rock,Texas
840,Mala Duffit,9174599567,mduffitnb@reference.com,z2avXivmZGpz,2831.91,Washington,District of Columbia
841,Mable Camellini,9241679417,mcamellininc@sciencedaily.com,iWb4Mgr,1323.08,Greenville,South Carolina
842,Griffin Lerway,4873424143,glerwaynd@t.co,jMvbQ83,5709.28,Pinellas Park,Florida
843,Zedekiah Grimsdike,1235444249,zgrimsdikene@wisc.edu,6YBURpD,5007.91,Colorado Springs,Colorado
844,Deny Pena,2698843743,dpenanf@lycos.com,nDzAU7ZpYCxc,5577.28,Omaha,Nebraska
845,Flemming Kulic,9929181774,fkulicng@uiuc.edu,Y5FA0gONqul,6310.20,Denver,Colorado
846,Nanette Trytsman,7926694769,ntrytsmannh@facebook.com,aG155WU,5695.28,Van Nuys,California
847,Goldina Bollon,5590855829,gbollonni@mediafire.com,rj6690R4j8J,3645.73,Roanoke,Virginia
848,Mallory Riccardi,2704523371,mriccardinj@dailymotion.com,KZiiJFj9Q,2254.79,Colorado Springs,Colorado
849,Emilia O'Kielt,4170831494,eokieltnk@europa.eu,1XnLFMgAl,7179.76,Fort Pierce,Florida
850,Norby Balharrie,1659964985,nbalharrienl@soup.io,XKQcB0XQjAP,9276.24,Seattle,Washington
851,Pincus Peart,3483354495,ppeartnm@huffingtonpost.com,cSrKihmId,5907.54,Oklahoma City,Oklahoma
852,Leroy Dany,2144417328,ldanynn@hp.com,yiU4UtG,3914.44,Anchorage,Alaska
853,Gabi Gookes,5755427104,ggookesno@state.tx.us,BmW5CpRCgBfa,6766.58,Peoria,Illinois
854,Norbie Bowlesworth,7283612553,nbowlesworthnp@furl.net,nhJO9QCNj2DI,4154.75,Hollywood,Florida
855,Katy Greber,2797909403,kgrebernq@auda.org.au,UYaSwp6,5719.20,Trenton,New Jersey
856,Bernhard Fass,6630019996,bfassnr@sphinn.com,Swr6BO,7214.34,Macon,Georgia
857,Jessa Besset,9547049355,jbessetns@hexun.com,JSc4oN,8313.88,Naperville,Illinois
858,Arabelle Dows,4858050384,adowsnt@cocolog-nifty.com,hhYLNmYzt0ki,3644.40,Des Moines,Iowa
859,Janaye De Mitri,3852398391,jdenu@engadget.com,cQmeQC1dlzu,7278.49,Syracuse,New York
860,Elsbeth Kibard,1781172241,ekibardnv@sbwire.com,qfO7cBC,1097.05,Pittsburgh,Pennsylvania
861,Fabian Decruse,5245215020,fdecrusenw@reference.com,Rt5QxirK6S,9978.65,Little Rock,Arkansas
862,Rriocard Handsheart,7531406645,rhandsheartnx@cisco.com,PYLg9vFv3,7028.29,Miami,Florida
863,Hank Trenbay,1036817026,htrenbayny@fda.gov,vbxec9kP,5793.70,Santa Fe,New Mexico
864,Konstance Pionter,1316358080,kpionternz@flickr.com,30G19Opa,8052.36,Houston,Texas
865,Hollyanne Yakovliv,8686599351,hyakovlivo0@nba.com,UUuyoSAa28O7,8970.18,Indianapolis,Indiana
866,Cornela Buddle,1703124389,cbuddleo1@myspace.com,RXZPjb44,9134.29,Palm Bay,Florida
867,Dalia Nornasell,3563240027,dnornasello2@google.ca,9kzBmPm,7104.31,Saginaw,Michigan
868,Chevy Osipov,3003357211,cosipovo3@blogs.com,RovwJDGPxL,8961.60,Phoenix,Arizona
869,Shandie Chatto,3564641286,schattoo4@tinypic.com,MF9a3e5SLG,7990.17,Mountain View,California
870,Lacee Steynor,2062099920,lsteynoro5@typepad.com,4efZ4JoI,9658.64,San Bernardino,California
871,Jamie Cool,2305541482,jcoolo6@ehow.com,KJXgeL5KFO1,8087.30,Denver,Colorado
872,Konrad Windows,6592404809,kwindowso7@nbcnews.com,6HzTRSnH,4247.25,El Paso,Texas
873,Nicolais Panks,8135435587,npankso8@salon.com,ZOSHgzO,1462.41,Colorado Springs,Colorado
874,Lukas Suche,6701065127,lsucheo9@theglobeandmail.com,SDi89eEQvfW,3202.99,Valley Forge,Pennsylvania
875,Georgiana Yeskin,5786478456,gyeskinoa@yahoo.com,xTYfPf0UsA4T,7616.83,Garden Grove,California
876,Clarey Trevena,7794614726,ctrevenaob@quantcast.com,aIlUo1,5775.46,Lakeland,Florida
877,Eadie Rankin,3758561627,erankinoc@epa.gov,CgNKayxntA,7083.49,Hartford,Connecticut
878,Morissa Twelvetrees,2144836385,mtwelvetreesod@latimes.com,l4OcIH66KoK,3779.72,Pomona,California
879,Charisse Agett,4688676452,cagettoe@examiner.com,jhVzOM,2077.93,Atlanta,Georgia
880,Herb Wagerfield,5644367758,hwagerfieldof@ucsd.edu,fyZGWaW,8185.81,El Paso,Texas
881,Celeste McAvaddy,2763120785,cmcavaddyog@unc.edu,EADHZqHV2,2195.40,Minneapolis,Minnesota
882,Charlie Hindenberger,1855867917,chindenbergeroh@bizjournals.com,Duwq8KNYeMj,2143.12,Kansas City,Missouri
883,Jared Feehily,5893870085,jfeehilyoi@cbsnews.com,2HvvNhKFTC,2985.08,Washington,District of Columbia
884,Donnie Claiton,6595303523,dclaitonoj@constantcontact.com,wvlX5nJkAw,6893.33,Miami,Florida
885,Juana MacGiolla Pheadair,2851167113,jmacgiollaok@google.com.au,S9SXHn,2874.24,Peoria,Illinois
886,Elmore Keat,6504342382,ekeatol@ca.gov,h3bosvShOFTk,7259.60,Houston,Texas
887,Christa Tomkies,1233135295,ctomkiesom@webmd.com,rV6KfXm5dKxh,4544.54,Huntsville,Alabama
888,Leonhard Andreasson,5792750760,landreassonon@macromedia.com,l5Rc19KS,7916.71,Pueblo,Colorado
889,Libbi Feaveryear,5779801583,lfeaveryearoo@comsenz.com,I7mQzYOTl,2802.16,Milwaukee,Wisconsin
890,Cathrine Paumier,2155291701,cpaumierop@tuttocitta.it,XdWdyaELZiY,2094.20,Boston,Massachusetts
891,Feodor Baudry,7581099410,fbaudryoq@deviantart.com,aeWrM67,2331.13,Mobile,Alabama
892,Isidor Ainge,9067298337,iaingeor@discovery.com,0cGC5JwYJx,8334.10,Saint Louis,Missouri
893,Chantalle Maltster,4631041038,cmaltsteros@reverbnation.com,1LsfVbM7go,8502.65,Saint Paul,Minnesota
894,Stephen Haugh,3361160041,shaughot@aboutads.info,3k4DA106,3387.82,Worcester,Massachusetts
895,Valera Bothe,1389314373,vbotheou@digg.com,o7hVCe7L,4115.01,Sacramento,California
896,Marsha Popplestone,1010214953,mpopplestoneov@godaddy.com,Vnqzf9ivC,4903.90,Norwalk,Connecticut
897,Trefor Ind,2163308486,tindow@vkontakte.ru,8t5xISvC,9714.76,El Paso,Texas
898,Gianna Dakhno,7139769846,gdakhnoox@slashdot.org,ScVQHy1,8972.44,Detroit,Michigan
899,Thomas Illston,8120278343,tillstonoy@arstechnica.com,TyAAR1F,2369.50,Boston,Massachusetts
900,Mira Idle,6027263668,midleoz@foxnews.com,aYks2QHpNh,4210.36,Austin,Texas
901,Ara Whitfield,1303328665,awhitfieldp0@ucla.edu,itDqAQKG,6120.26,Mesa,Arizona
902,Ashlen Swindles,4233253704,aswindlesp1@lycos.com,VzZaLG,6700.99,Dayton,Ohio
903,Tuesday Jodlkowski,4541969962,tjodlkowskip2@networksolutions.com,G6XV4bar,5978.06,Atlanta,Georgia
904,Ame Ashlee,3710311173,aashleep3@narod.ru,b6KFLhJxVH7g,4736.96,Lynchburg,Virginia
905,Avery Chatan,2481952309,achatanp4@wired.com,fYaJeTIJ,3842.45,Macon,Georgia
906,Hortense Fairburne,6742232250,hfairburnep5@cargocollective.com,UUwfanJ6Ku,5353.83,Albany,Georgia
907,Kelbee Vesco,6128797079,kvescop6@ask.com,J1aiGXV3,8681.32,Irving,Texas
908,Roxie O'Hagirtie,9785450374,rohagirtiep7@imgur.com,uo5ym2wsNWqN,5221.05,Davenport,Iowa
909,Hanny Bainbridge,9755105976,hbainbridgep8@digg.com,GM5Vna,9032.93,Little Rock,Arkansas
910,Ozzie Dallander,6796222185,odallanderp9@desdev.cn,gSuA27Z1i,9441.48,New York City,New York
911,Noel Digg,8300718020,ndiggpa@weibo.com,5VNcjfKdM,4678.10,Albany,New York
912,Marylou Jacquemard,6188373609,mjacquemardpb@ft.com,POTzm5Q8bVe,4330.23,San Francisco,California
913,Ezri Jeandel,7120095185,ejeandelpc@java.com,gLoHAAl,4516.54,Louisville,Kentucky
914,Mordy Rottgers,7027419820,mrottgerspd@cargocollective.com,CyMO3d,3728.28,Pittsburgh,Pennsylvania
915,Seth Duffrie,3984614039,sduffriepe@myspace.com,eugQ1Dz2,2791.87,Phoenix,Arizona
916,Whitby McLinden,2087927017,wmclindenpf@odnoklassniki.ru,cm87dG8Kx,5234.77,Madison,Wisconsin
917,Dedie Spinozzi,5952343812,dspinozzipg@w3.org,d0bmqs,2887.86,Lake Worth,Florida
918,Jacklyn Kornel,1630486819,jkornelph@spotify.com,z0MdZrsz,7134.56,Saint Louis,Missouri
919,Wylie Rudolph,4308788831,wrudolphpi@diigo.com,GhEaKumkzd1,2451.42,Pensacola,Florida
920,Fernande Carvilla,9854206110,fcarvillapj@google.co.uk,BBH0qik,7065.49,Glendale,Arizona
921,Leta Conboy,6526223538,lconboypk@zdnet.com,08HMXK1h,4332.01,Tulsa,Oklahoma
922,Alford Haythornthwaite,7092316687,ahaythornthwaitepl@msu.edu,VnBuG9tYkrEQ,3556.42,Lake Charles,Louisiana
923,Carma Flute,1316343744,cflutepm@usatoday.com,YX4Nrn17WjH,4133.79,Charlotte,North Carolina
924,Fleurette Yapp,7316969468,fyapppn@yellowpages.com,gkwssZhpGsd,1894.35,Midland,Texas
925,Miltie Atcheson,8498870135,matchesonpo@baidu.com,xWlRL8wPg,2287.25,Seattle,Washington
926,Lela Munkton,7280067943,lmunktonpp@loc.gov,qKGTqoY4C,6951.06,Stamford,Connecticut
927,Libbey Mackiewicz,8626331315,lmackiewiczpq@jimdo.com,3DPP0n6ky3,8042.46,Evansville,Indiana
928,Jerry Dewen,2685345042,jdewenpr@histats.com,xV0qEwUGeuG,6718.42,Dayton,Ohio
929,Kalvin Cowope,1812994380,kcowopeps@github.io,llC9JWZ,4272.04,Washington,District of Columbia
930,Phyllis Sarjeant,3840681013,psarjeantpt@theatlantic.com,Ywt0r5l,9538.21,Memphis,Tennessee
931,Regine Childerley,1122526660,rchilderleypu@earthlink.net,g3Pn0bK3p,4957.48,Colorado Springs,Colorado
932,Olga Peat,9979080059,opeatpv@whitehouse.gov,tlCi3gi7R,7358.75,Colorado Springs,Colorado
933,Ruthy Iles,6829964808,rilespw@vimeo.com,79uEWcmw,9415.81,Dallas,Texas
934,Babbette Sherston,2079197046,bsherstonpx@nhs.uk,bO651qfk,3738.74,Seattle,Washington
935,Simona Lorenzo,3232012802,slorenzopy@xinhuanet.com,FAhfTiEftLx,2175.05,Troy,Michigan
936,Andrea Cowing,9352320600,acowingpz@cmu.edu,ll1FX8kt,7605.42,Portsmouth,Virginia
937,Kailey Taylot,2851957158,ktaylotq0@hao123.com,gF99Mds,6063.08,Idaho Falls,Idaho
938,Rinaldo Jarrel,1121935883,rjarrelq1@rediff.com,qrfvqbW,1311.32,Peoria,Illinois
939,Francisco Dunton,4211776412,fduntonq2@google.cn,7CkA3DQ2j,8964.36,Detroit,Michigan
940,Friederike Clandillon,7979641378,fclandillonq3@icio.us,XkfxFO7,3907.98,Pensacola,Florida
941,Zsazsa Pannett,7529777394,zpannettq4@constantcontact.com,oYP82aG,9164.52,Louisville,Kentucky
942,Gunter Ismail,1730100674,gismailq5@guardian.co.uk,6WZjNwxIDgu,3172.02,Pittsburgh,Pennsylvania
943,Sydney Caghan,3604481563,scaghanq6@bloglines.com,L3BVB1opF,5039.71,Macon,Georgia
944,Helge Jurs,4176848183,hjursq7@marriott.com,LyCNvy3tL,6072.91,Monticello,Minnesota
945,Kimmi Monteath,8991054851,kmonteathq8@umich.edu,eP8KhgW9Lzxg,8202.24,Wilkes Barre,Pennsylvania
946,Oberon Snelgar,7688256811,osnelgarq9@rambler.ru,4NsHserm3PB,1021.36,Tacoma,Washington
947,Garreth Coiley,7115398526,gcoileyqa@nymag.com,CPxvJ1PTne4,4536.25,Hattiesburg,Mississippi
948,Aileen Franiak,1428949608,afraniakqb@craigslist.org,ZqF4IgBfVJkm,7598.55,Tucson,Arizona
949,Catriona Longworthy,6877926355,clongworthyqc@pinterest.com,XiuRnUu,9485.22,Atlanta,Georgia
950,Hatti Beagrie,2872879378,hbeagrieqd@youku.com,7Z7wh4cmcc7,6744.62,San Francisco,California
951,Bud Jerzyk,5574510891,bjerzykqe@tripadvisor.com,7B9lx9d,9066.95,Cincinnati,Ohio
952,Karissa Chipperfield,1116975541,kchipperfieldqf@who.int,m2rVSg3P6T,8413.75,Lubbock,Texas
953,Benoit Attac,4940709482,battacqg@devhub.com,0034lRKYI4rC,3876.97,Oakland,California
954,Bogey McKeighan,1982635986,bmckeighanqh@storify.com,X7Aan0YX,6085.10,San Antonio,Texas
955,Linet Desborough,2277631288,ldesboroughqi@telegraph.co.uk,7CiLPmK,2083.69,Hartford,Connecticut
956,Trenton Cosgrive,8951864309,tcosgriveqj@multiply.com,RsJwkn5,1175.76,Brooksville,Florida
957,Cassandra Reiner,7402127015,creinerqk@webmd.com,l9qBSj,4889.88,Buffalo,New York
958,Cecily Coope,4758420314,ccoopeql@yellowpages.com,nAQzMax,6560.61,Seattle,Washington
959,Jobie Muldowney,2238576903,jmuldowneyqm@etsy.com,1Vfupquvk,6275.26,Erie,Pennsylvania
960,Aguie Klimontovich,3764660368,aklimontovichqn@example.com,4TDtC9q,2869.52,Kansas City,Missouri
961,Etan Cooch,6743179050,ecoochqo@artisteer.com,9hnOQElSC,1709.09,Saint Louis,Missouri
962,Gustie Kirkby,8783701790,gkirkbyqp@cam.ac.uk,lW8MXbtx,9309.47,Birmingham,Alabama
963,Brandise Gostick,9087069008,bgostickqq@youku.com,nNGIygu,1782.23,Homestead,Florida
964,Wrennie Aphale,5550208708,waphaleqr@opensource.org,jeDnJyG,6866.32,Las Vegas,Nevada
965,Valerye Harrinson,2376830697,vharrinsonqs@hud.gov,MvstyTEeF,3568.20,Baltimore,Maryland
966,Vanda Bampforth,2545840027,vbampforthqt@nasa.gov,refAGkLrRS0J,2947.30,Melbourne,Florida
967,Lavinie Carcass,4693919188,lcarcassqu@wunderground.com,cd0yp5,7135.48,Denver,Colorado
968,Gualterio McCaughey,7739384436,gmccaugheyqv@goo.gl,InluxC4j3mfW,5259.94,New York City,New York
969,Trev Gunningham,7529837707,tgunninghamqw@fda.gov,p4wGC8O,6746.22,Spartanburg,South Carolina
970,Karney Beteriss,7810198924,kbeterissqx@homestead.com,NO2iRjUM,2371.97,Orlando,Florida
971,Audie Jerred,5917245347,ajerredqy@clickbank.net,710KJVk,5375.04,Stockton,California
972,Brigg Beers,3825551202,bbeersqz@senate.gov,1FTeNY6,8117.66,Oakland,California
973,Nappie Lind,2810583654,nlindr0@mtv.com,HUhg8MY6fLZ,9941.46,Arlington,Texas
974,Berte Ferruzzi,9719757422,bferruzzir1@blinklist.com,8QyuuK,6641.63,South Bend,Indiana
975,Karlis Ankers,1009664576,kankersr2@toplist.cz,GOGyOf,7783.83,Muskegon,Michigan
976,Yancy Littrick,3812789673,ylittrickr3@ask.com,v4pSLBwS,1705.07,Cincinnati,Ohio
977,Hadley Eayrs,7699824954,heayrsr4@mail.ru,CHaKdP,7080.57,Fort Worth,Texas
978,Dorotea Rossoni,4015777973,drossonir5@miibeian.gov.cn,9T1q8w,4087.61,Syracuse,New York
979,Marthe Silveston,6614895945,msilvestonr6@nhs.uk,0HVtRJF,5002.41,Louisville,Kentucky
980,Jerry Schutter,7222757846,jschutterr7@macromedia.com,9itePH4usrg,3442.91,Dallas,Texas
981,Davidde Fencott,7596278959,dfencottr8@hugedomains.com,w36H2zSC,6582.39,Flint,Michigan
982,Kris Carder,5770239103,kcarderr9@xinhuanet.com,WGKIAf5xP,5432.87,Providence,Rhode Island
983,Chadd Barti,3744078599,cbartira@networkadvertising.org,CjcGD1h,1866.67,Battle Creek,Michigan
984,Othelia Mattei,9131965979,omatteirb@4shared.com,qNzGXCN2J,2664.95,Dayton,Ohio
985,Deena Neale,2950934269,dnealerc@addtoany.com,AH60q5h039,2394.69,El Paso,Texas
986,Alyson Saffen,2408176043,asaffenrd@dmoz.org,j9hmknL,5104.18,Oceanside,California
987,Quincy Easson,3813721732,qeassonre@jigsy.com,8RlsCGgb7dgv,2496.80,Stockton,California
988,Budd Lupson,5783264395,blupsonrf@bandcamp.com,wLTRU4pV0q,2144.57,Macon,Georgia
989,Ulrick Christofle,1697123746,uchristoflerg@webeden.co.uk,YLtaxQn,9217.49,Boca Raton,Florida
990,Rodolfo Bedham,9838120174,rbedhamrh@google.pl,eXnVzij,5715.05,Visalia,California
991,Terry Denyer,4410661904,tdenyerri@time.com,8VdIYlPgeO,9833.30,Decatur,Illinois
992,Rockie Arkley,3299107719,rarkleyrj@constantcontact.com,4Be1QwrPRnST,1388.56,Las Vegas,Nevada
993,Belvia Floris,9742950295,bflorisrk@washington.edu,Fl9aYyLE,1905.28,Palatine,Illinois
994,Natka Greetham,8155924403,ngreethamrl@mashable.com,m6ij5K6M,6265.04,Aurora,Colorado
995,Irwinn Redler,4624025223,iredlerrm@examiner.com,9vck90,5078.41,Odessa,Texas
996,Charissa Huitson,5979042833,chuitsonrn@furl.net,8IgO4PfaT5,9826.45,San Diego,California
997,Maurita Lamburne,8104513592,mlamburnero@blogger.com,KBbgCjaDoSTy,2439.37,Clearwater,Florida
998,Ware Ramm,1804330479,wrammrp@free.fr,hk4UR9a,3202.60,Tucson,Arizona
999,Rosemaria Petworth,3661003244,rpetworthrq@tamu.edu,bRioNt,2253.07,Danbury,Connecticut
1000,Caralie Saurat,1188061722,csauratrr@alexa.com,N8e8Mlguk4z,1210.65,Monticello,Minnesota
