101,Sati Raj,2062059133,placerat.orci.lacus@duiaugue.co.uk,kri54gj,2378,Saharanpur,Uttar Pradesh
102,Urshita Ismail,9433240674,eget.lacus@sollicitudinadipiscingligula.com,dyd05yi,3552,Delhi,Delhi
103,Kaustubh Ismail,1505981154,nibh.vulputate.mauris@congue.net,uut04iu,3174,Panipat,Haryana
104,Omvati Khan,2032283723,feugiat@pede.org,blk93yu,3904,Rampur,Uttar Pradesh
105,Aalap Khan,5861245836,Sed@nuncsit.co.uk,ikf98kj,4003,Palakkad,Kerala
106,Vir Khan,8032572447,Nulla.facilisi@imperdietornareIn.org,qww72ge,4169,Ghaziabad,Uttar Pradesh
107,Alka Raj,2575649859,tincidunt.congue@iaculisenimsit.ca,okg10vt,2378,Bhagalpur,Bihar
108,Krishnaa Singh,6987555137,Sed.pharetra@Aenean.edu,qvn02ld,3690,Saharanpur,Uttar Pradesh
109,Raghupati Singh,6689541280,vitae.sodales@tinciduntvehicula.net,xrm57gj,2333,Munger,Bihar
110,Tarunima Raj,1516076924,fames.ac.turpis@rhoncusidmollis.net,bvc85wp,4632,Muzaffarnagar,Uttar Pradesh
111,Nakshatra Raj,7828051219,ligula@ametorciUt.co.uk,dmd69wr,2434,Eluru,Andhra Pradesh
112,Mrigendra Raj,9054737739,blandit.congue.In@vestibulumneque.edu,xwa72wr,2739,Agartala,Tripura
113,Bijal Khan,9907478276,nec@bibendumfermentum.ca,aov54gb,4491,Rae Bareli,Uttar Pradesh
114,Karunashankar Khan,9682171834,tristique.neque@massarutrum.com,yhm61qb,3488,Raurkela,Odisha
115,Grhalakshmi Kumar,8529284560,enim@infaucibusorci.ca,umu20gk,4308,Mango,Jharkhand
116,Manisha Patel,4168109650,lacus@ametnullaDonec.org,mnt09bl,2173,Ghaziabad,Uttar Pradesh
117,Samarendra Singh,5383073365,mi.fringilla.mi@necimperdietnec.ca,gnz46ss,3358,Budaun,Uttar Pradesh
118,Trishanku Jain,9113379109,lectus.Nullam@fermentum.edu,fyn34xl,2166,Srinagar,Jammu and Kashmir
119,Apoorva Khan,5317808024,et.ipsum.cursus@diamPellentesque.edu,rzg04fe,3923,Muzaffarpur,Bihar
120,Malavika Patel,7379423183,Nam@nequeNullam.ca,hyg57ft,4104,Kukatpalle,Andhra Pradesh
121,Nirajit Khan,3578599999,Curabitur@ornareegestasligula.net,pob01kk,2935,Raipur,Chhattisgarh
122,Alopa Kumar,9239088737,luctus@mieleifend.net,pgd02ct,4111,Burhanpur,Madhya Pradesh
123,Pushkar Kumar,6853221953,id@iaculisodio.net,flw92hv,1243,Kakinada,Andhra Pradesh
124,Madhukanta Singh,3456210641,ultrices@malesuadafames.co.uk,kxn95ju,3229,Rishra,West Bengal
125,Devarsi Singh,7088568196,libero@amet.org,cpi03hp,1070,Kolhapur,Maharastra
126,Anusri Raj,8172598076,Cras.vulputate.velit@nibh.co.uk,sdd29yx,3619,Bhimavaram,Andhra Pradesh
127,Prabha Ismail,4161282580,morbi.tristique@porttitorinterdum.net,dna14ry,1277,Kollam,Kerala
128,Gauri Khan,3318017176,luctus@Proinnislsem.co.uk,gxy71mq,1307,Hapur,Uttar Pradesh
129,Pavak Ismail,8159044483,enim.commodo.hendrerit@dolorsitamet.co.uk,och46zw,3638,Parbhani,Maharastra
130,Odathi Ismail,2568425300,nibh.Quisque.nonummy@blanditatnisi.net,gsl01tw,4173,Pune,Maharastra
131,Rupa Patel,7532544861,eget@nullaanteiaculis.com,jom42kd,4730,Hindupur,Andhra Pradesh
132,Egaiarasu Jain,7522212047,consequat@Nuncullamcorpervelit.net,yod53oy,3238,Ratlam,Madhya Pradesh
133,Ganga Singh,4289336520,eget.dictum.placerat@Sedneque.net,myr88cx,3519,Bangalore,Karnataka
134,Nandika Singh,6608890707,dui@odio.org,tcu24kk,4092,Cuttack,Odisha
135,Malaya Singh,3749795935,euismod.est@laciniamattisInteger.net,zlv30ue,4358,Bellary,Karnataka
136,Tripurari Raj,5898718775,libero.nec.ligula@sem.com,qcz88yi,4054,Korba,Chhattisgarh
137,Vedi Patel,9212231151,urna.Nunc@felisadipiscingfringilla.org,gvx88dj,2313,Sagar,Madhya Pradesh
138,Ashraf Patel,1128778362,Aliquam.fringilla@adipiscingnon.org,nnc08lh,2180,Dehradun,Uttarakhand
139,Dilip Khan,7883004405,ac.mattis@adipiscingelitEtiam.com,uja00dw,3614,Ghaziabad,Uttar Pradesh
140,Maharth Jain,7011410576,mauris.ipsum.porta@ametrisusDonec.com,pzg00ty,4265,Purulia,Jharkhand
141,Natwar Ismail,8145748357,eros@laoreet.com,acp67un,2460,Bijapur,Karnataka
142,Yadavendra Kumar,1689582667,sodales.Mauris@nuncnulla.co.uk,uod64re,3810,Raurkela Civil Township,Odisha
143,Ranajay Jain,5074699171,mauris.sagittis@AeneanmassaInteger.edu,ozr18qd,4880,Chandannagar,West Bengal
144,Bhadrak Raj,7213811757,quis.pede.Praesent@Donec.com,wpo42sw,4363,Mandasor,Madhya Pradesh
145,Lakshmi Khan,3625503855,nec@commodo.edu,emv34zy,4115,Damoh,Madhya Pradesh
146,Godavari Ismail,4822136447,amet.consectetuer@vitae.ca,bdm14hl,1382,Munger,Bihar
147,Madhulika Kumar,9753915146,porttitor.scelerisque.neque@Uttinciduntorci.org,aiy46sw,4320,Karimnagar,Andhra Pradesh
148,Madin Jain,6788748253,ornare@molestiedapibusligula.ca,pxx03ce,3687,Ratlam,Madhya Pradesh
149,Savanth Patel,8511977380,Vestibulum@vitaeorciPhasellus.com,jml84uq,4546,Ahmedabad,Gujarat
150,Hemanga Jain,7412748564,ipsum.Phasellus@lacusAliquam.org,whw05lf,4140,Silchar,Assam
151,Jalahasini Ismail,3419924300,consectetuer.mauris.id@nasceturridiculus.edu,fmm13jc,2232,Kanpur,Uttar Pradesh
152,Angana Kumar,9615096993,erat@Crasvehicula.ca,oco05xk,1089,Hindupur,Andhra Pradesh
153,Rachna Kumar,2516025419,non.feugiat.nec@Sedauctorodio.co.uk,lgm63dm,3347,Jamnagar,Gujarat
154,Timila Patel,9223747324,nisi.a@utnullaCras.edu,ibk01gh,3083,Hubli,Karnataka
155,Shyamsundar Ismail,4976499165,sapien.gravida@maurissitamet.net,azr08lv,1199,Ratlam,Madhya Pradesh
156,Agrima Singh,8377490781,dictum.cursus.Nunc@Nullamvitaediam.ca,ahp01uf,2054,Sasaram,Bihar
157,Harshavardhan Khan,7196935528,cursus.a.enim@maurisMorbi.com,bbz92ju,4759,Warangal,Andhra Pradesh
158,Satish Kumar,6991106783,a.malesuada.id@Duisacarcu.co.uk,ydg14nw,2245,Sambalpur,Odisha
159,Dhvanya Singh,7771347857,erat.Sed@consectetueripsumnunc.net,jii23if,4041,Achalpur,Maharastra
160,Bankebihari Jain,6205187136,eu.tempor.erat@nonhendrerit.ca,mdl61gk,2407,Beawar,Rajasthan
161,Tusharkanti Khan,8927071868,tellus@Integereu.com,djt28mx,2991,Darbhanga,Bihar
162,Shama Ismail,2651648803,fermentum@acmieleifend.co.uk,emx48yz,1189,Dehri,Bihar
163,Indumukhi Ismail,9682360692,lorem.eget.mollis@eget.co.uk,ehb54jy,2429,Faridabad,Haryana
164,Satya Khan,4558567778,elementum.purus@est.com,kqw22pf,3009,Bokaro Steel City,Jharkhand
165,Faiz Patel,6703464111,pede.nec.ante@Nuncsed.org,mhj79qa,3642,Amravati,Maharastra
166,Geetika Jain,5567553580,cursus@ridiculus.edu,hpj26at,2931,Jamshedpur,Jharkhand
167,Fanishwar Raj,2192186867,nulla.Integer.urna@eu.com,yme30hm,4946,Chapra,Bihar
168,Gulfam Kumar,6935110885,amet@Craseutellus.ca,ozy85jc,1878,Allappuzha,Kerala
169,Apoorva Patel,5223844125,Aliquam.erat.volutpat@magnisdisparturient.co.uk,try03bz,1906,Jamshedpur,Jharkhand
170,Pavalan Patel,9007940065,diam.eu@antedictum.org,wdu91to,1955,Rishra,West Bengal
171,Poorvi Raj,6316184059,Mauris@etnetus.org,pof11qi,1552,Gorakhpur,Uttar Pradesh
172,Chintya Ismail,9885421044,a.dui@aliquet.net,gla95gg,4268,Meerut Cantonment,Uttar Pradesh
173,Sameena Ismail,6151279863,ac@amagnaLorem.org,tzp31ao,3923,Farrukhabad-cum-Fatehgarh,Uttar Pradesh
174,Kashinath Singh,7342914080,rutrum.justo@luctus.co.uk,tqg67df,4806,Rishra,West Bengal
175,Jishnu Khan,9712926275,sapien.molestie.orci@aliquetmagna.net,fjw90ju,2885,Gwalior,Madhya Pradesh
176,Sadiq Patel,5808025793,felis.ullamcorper.viverra@nequesed.edu,qpi95kb,2131,Budaun,Uttar Pradesh
177,Ajit Jain,1395081684,Aliquam@vulputatemaurissagittis.ca,chd21vt,2865,Bareilly,Uttar Pradesh
178,Ajitesh Singh,6095101836,Suspendisse@temporeratneque.ca,awv39eo,4850,Jhansi,Uttar Pradesh
179,Farida Kumar,6213125399,conubia.nostra.per@miAliquam.com,ink57fp,2998,Purnea,Jharkhand
180,Eshana Kumar,9241107241,Duis@urnaNuncquis.co.uk,kuh35mw,1297,Tirupati,Andhra Pradesh
181,Asgar Khan,3216422878,Donec@QuisquevariusNam.net,uzd49ge,3626,Surat,Gujarat
182,Devadas Ismail,9006713609,dis.parturient.montes@hymenaeosMaurisut.com,qej74ny,2782,Vidisha,Madhya Pradesh
183,Shrabana Patel,9092563932,enim.non.nisi@Maecenasiaculis.org,cze70cp,1742,Bhavnagar,Gujarat
184,Vaninath Raj,2767200363,nec.luctus@telluslorem.co.uk,suv81eu,1766,Brahmapur,Odisha
185,Radhakanta Khan,7673240825,montes.nascetur.ridiculus@Integersem.org,vwo48ph,3622,Sitapur,Uttar Pradesh
186,Nirvan Raj,1492462194,Quisque.imperdiet.erat@noncursusnon.org,ssz21hx,1418,North Dum Dum,West Bengal
187,Prateep Jain,7433331388,dictum.mi@temporbibendum.edu,ncg31gv,2425,Purulia,Jharkhand
188,Mandakini Khan,7084508563,Nunc.mauris@Sedpharetrafelis.co.uk,pwr53kt,1868,Veraval,Gujarat
189,Tusharkanti Jain,5722905001,Suspendisse.aliquet@liberoProin.ca,cwk23bk,4357,Damoh,Madhya Pradesh
190,Ecchumati Khan,1229243224,Nulla.eu.neque@CrasinterdumNunc.edu,kpq51sb,2963,Aligarh,Uttar Pradesh
191,Shoorsen Kumar,4438735913,arcu.Curabitur@indolor.org,snk67ag,4543,Mango,Jharkhand
192,Balgopal Raj,4045919932,nunc@Cras.ca,rsu33pl,1571,Dehri,Bihar
193,Rochan Khan,3556212294,lectus@pretiumneque.net,imt40wf,4248,Hathras,Uttar Pradesh
194,Hanumant Jain,4314354441,ornare@arcuVestibulumut.ca,sgl33yf,1567,Sambhal,Uttar Pradesh
195,Bhargava Patel,7097245787,accumsan@faucibuslectus.ca,bgx35lj,4762,Arrah,Bihar
196,Vinanti Singh,5086224351,fermentum@dignissimlacusAliquam.net,gup08pm,1527,Shahjahanpur,Uttar Pradesh
197,Pugalendhi Kumar,4531923331,erat@insodaleselit.co.uk,cqt71wm,4034,Munger,Bihar
198,Vikesh Raj,6993297734,neque.Nullam.nisl@faucibus.co.uk,yzd74yf,1664,Tonk,Rajasthan
199,Narun Patel,7229890487,In@velitPellentesque.edu,exw63fl,2057,Bareilly,Uttar Pradesh
200,Milana Ismail,1963325040,mi.Aliquam@ac.ca,xiz35gu,2842,Bikaner,Rajasthan