2000,111,1108,28,Ap #102-4956 Pede. Rd.,608-2163 Tellus. Road,"453-4151 Odio, St.",1373,57:20,2023-03-20 
2001,132,1094,91,Ap #506-4971 Molestie St.,267-9087 Et St.,6957 Ipsum. St.,1306,35:18,2025-06-17 
2002,186,1059,69,281-2343 Id Rd.,"P.O. Box 573, 7377 Cursus Street","P.O. Box 240, 1877 Suspendisse Rd.",529,46:44,2023-11-22 
2003,115,1023,91,"P.O. Box 922, 1787 Sagittis. Avenue","1718 Ullamcorper, Street",8246 Quis Ave,1082,26:02,2024-03-04 
2004,141,1057,3,9683 Cras Rd.,"P.O. Box 922, 267 Lectus Ave","P.O. Box 692, 3947 Turpis. Av.",482,24:39,2020-09-25 
2005,177,1072,70,"Ap #209-391 Elementum, St.","P.O. Box 220, 1182 Mi Rd.","Ap #933-5846 Iaculis, Avenue",1837,14:19,2022-02-12 
2006,172,1093,20,3729 Duis Street,"P.O. Box 947, 5367 Leo. Street",620-6664 Tempus Street,1537,27:35,2021-06-02 
2007,193,1106,3,7052 Velit Street,"P.O. Box 236, 9033 Facilisis St.",782-8508 Tincidunt Rd.,309,23:11,2021-10-13 
2008,103,1021,31,9393 Lectus. Rd.,"P.O. Box 851, 9582 Proin Ave","120-7084 Ultrices, Ave",458,19:10,2025-06-13 
2009,141,1047,99,7947 Vel Avenue,"P.O. Box 258, 1519 Quis, Road",5514 Quis Avenue,1762,52:54,2021-05-17 
2010,185,1044,31,5623 Tellus. Avenue,"9582 Et, Av.",424-9863 Lacinia Av.,1890,35:45,2024-09-03 
2011,129,1020,88,937-5817 Vitae Avenue,5934 Blandit Street,"P.O. Box 128, 1283 Erat. Ave",881,20:14,2020-03-28 
2012,136,1070,63,"P.O. Box 895, 9677 Primis Rd.",Ap #546-4147 Semper Rd.,669-4009 Non Rd.,651,08:39,2024-11-02 
2013,118,1020,53,"P.O. Box 886, 4870 Nunc Av.","542-3145 Elit, Av.",600-6834 Sem Rd.,1648,13:12,2023-12-16 
2014,164,1042,47,739-4500 Parturient Rd.,"P.O. Box 707, 8388 Molestie Street",951-3511 Gravida Street,959,45:31,2024-01-18 
2015,177,1096,16,213-5482 Phasellus St.,592-3283 Fringilla Street,525 Purus. Rd.,1553,09:54,2021-12-20 
2016,125,1070,85,"P.O. Box 595, 6256 Arcu Ave",Ap #845-8123 Dolor Road,"P.O. Box 572, 8241 Et, Road",137,43:24,2023-08-06 
2017,135,1036,99,795-5733 Sociis Road,2532 Mollis Street,"P.O. Box 283, 380 Elit. Avenue",1849,03:11,2020-04-15 
2018,169,1101,18,6131 Eget Rd.,Ap #374-7590 Hendrerit St.,9142 Turpis Rd.,696,42:13,2023-01-05 
2019,139,1027,67,"P.O. Box 621, 6430 Aliquam Street",Ap #602-8331 Dictum St.,"Ap #510-3469 Est, St.",1112,07:13,2021-06-23 
2020,133,1106,15,8318 Tristique Rd.,"643-6691 Nec, Avenue","P.O. Box 269, 3073 Gravida Rd.",1742,16:44,2024-03-01 
2021,191,1104,12,Ap #871-3662 Cursus Av.,382-3282 Mauris Road,7630 Semper St.,642,34:26,2023-10-13 
2022,154,1022,90,Ap #757-1386 Duis St.,4229 Diam Road,528-3262 Eros Avenue,1223,27:31,2020-09-06 
2023,108,1052,53,Ap #796-3009 Convallis Rd.,"P.O. Box 354, 1140 Blandit Ave",Ap #622-7477 Felis St.,999,45:43,2025-07-15 
2024,154,1024,16,"882-6427 Ac, St.",6487 In Street,7494 Morbi Rd.,1920,08:56,2022-01-06 
2025,145,1061,100,"8214 Eget, Rd.",665-6856 Porttitor Av.,Ap #672-5131 Proin Road,285,34:41,2024-08-14 
2026,186,1063,56,5686 Dictum Av.,937-9564 Nec Ave,4435 Felis Av.,1655,00:30,2023-05-13 
2027,172,1063,28,8316 Mi Ave,502-7583 Nunc Street,673-8135 Nibh. Avenue,1948,27:11,2024-04-30 
2028,194,1084,43,343-1370 Sed St.,1719 Libero Rd.,Ap #374-4256 Libero Rd.,1029,14:15,2021-11-24 
2029,186,1042,98,3341 Et Rd.,464-3326 Praesent Street,"P.O. Box 443, 669 Tempor Av.",1578,22:51,2020-12-05 
2030,187,1023,8,559-4920 Rutrum Street,"9787 Ut, Av.",645-2193 Nunc Ave,377,28:58,2022-06-01 
2031,144,1062,72,"5852 Suscipit, Road",492-8867 Eu Av.,2445 Vel Avenue,1638,47:44,2020-09-22 
2032,150,1099,4,Ap #681-945 Ac Rd.,Ap #538-8064 Integer St.,"P.O. Box 689, 1135 Vitae Ave",1499,12:43,2024-11-15 
2033,170,1042,11,3179 Non St.,760-2144 Sed Rd.,856-5570 Neque. St.,1416,04:23,2021-03-21 
2034,123,1057,98,Ap #293-7066 Facilisis Avenue,"P.O. Box 910, 8403 Nunc Av.",Ap #236-5953 Iaculis Road,179,21:32,2023-04-02 
2035,169,1046,17,7417 Purus Street,Ap #266-534 Donec St.,"P.O. Box 316, 652 Vel Av.",1627,37:29,2020-11-09 
2036,140,1043,66,"P.O. Box 811, 2936 In Street",163 Nunc Road,8840 Elementum Road,1288,44:22,2024-08-02 
2037,113,1073,40,210-6600 Iaculis Av.,"P.O. Box 444, 6539 Morbi Ave","961-1022 Amet, Av.",353,47:12,2024-01-15 
2038,116,1062,80,"9473 Est, Rd.",Ap #196-9822 Proin Rd.,Ap #974-8419 Dui Ave,72,56:49,2021-11-13 
2039,196,1099,9,"P.O. Box 510, 9713 Posuere, St.",3513 Proin Street,490-9806 Euismod Street,1198,04:29,2024-10-18 
2040,126,1017,51,"P.O. Box 512, 5087 Eu Rd.",497-4702 Libero Rd.,339-4901 Nec Rd.,985,30:48,2022-10-31 
2041,184,1066,35,195-6248 Non St.,563-1155 In Rd.,"P.O. Box 630, 5166 Id, Road",1819,10:07,2020-08-30 
2042,156,1089,79,Ap #530-9868 Ultricies St.,Ap #415-5725 Quam. Rd.,9951 Tempus Ave,1412,10:01,2021-05-23 
2043,165,1023,77,2117 Non Avenue,5563 Nonummy Avenue,2895 Fermentum Av.,302,12:50,2021-08-02 
2044,198,1083,79,953-8294 Per Av.,"P.O. Box 601, 6311 Est Rd.",803-5505 Bibendum St.,1217,08:37,2025-05-30 
2045,111,1029,52,Ap #803-1802 Phasellus Av.,2970 Dignissim Road,1318 Dui Rd.,1911,25:48,2020-11-09 
2046,162,1086,79,"P.O. Box 824, 4942 Lobortis Ave","P.O. Box 597, 2709 Cras Street","Ap #238-4072 Placerat, Av.",838,15:40,2023-12-06 
2047,199,1096,47,Ap #122-1501 Lectus. Rd.,7596 Mus. St.,930-670 Neque Street,698,45:58,2023-02-04 
2048,175,1036,40,459-3866 Ultrices Ave,"650-6654 Consectetuer, Street",362 Tristique Ave,320,48:03,2023-01-08 
2049,180,1071,33,"847-1048 Elit, St.",8332 Nulla. Road,"149-2696 Elementum, Av.",786,00:55,2023-04-05 
2050,140,1036,97,Ap #750-4601 Est. Rd.,130-9185 Tristique St.,"P.O. Box 645, 5499 Tortor. Av.",859,28:25,2022-12-28 
2051,183,1100,7,"P.O. Box 102, 5537 Sollicitudin Rd.","7772 Orci, Rd.",3785 Ornare Road,824,20:41,2021-02-11 
2052,112,1080,37,"P.O. Box 960, 4755 Sit Ave",2345 Magna Rd.,"P.O. Box 319, 5077 Nunc St.",267,31:04,2021-01-29 
2053,108,1021,36,5521 Convallis Road,384-1633 Tellus. St.,"P.O. Box 884, 9081 Ut, St.",1392,22:04,2024-09-14 
2054,142,1107,7,"Ap #685-6687 Consectetuer, Avenue","P.O. Box 678, 2532 Nam Rd.",7754 Ridiculus Street,615,06:14,2021-04-06 
2055,129,1091,52,Ap #469-5954 Rutrum St.,"P.O. Box 799, 793 Ac Road",Ap #776-5708 Neque Av.,1683,39:27,2025-01-02 
2056,123,1063,58,"P.O. Box 766, 3859 Facilisis, Road",5016 Pharetra St.,444-5318 Sed Rd.,168,25:57,2024-11-22 
2057,141,1065,33,"P.O. Box 618, 8717 Egestas Av.",411-8830 Tellus St.,Ap #425-4235 Felis. Rd.,360,24:54,2024-11-17 
2058,171,1038,59,"1422 Vitae, St.","Ap #100-7764 Montes, St.","4635 Vitae, Rd.",1159,44:09,2023-12-23 
2059,113,1021,82,Ap #609-6091 Purus. Ave,"P.O. Box 617, 1557 Lorem St.","P.O. Box 194, 216 Nulla Street",1239,13:24,2022-02-26 
2060,185,1064,12,"P.O. Box 912, 8007 Tincidunt. Av.",3148 Vitae Street,407-7141 Tortor. Rd.,1649,46:20,2022-12-18 
2061,165,1016,95,"P.O. Box 797, 9746 Lacus, Avenue",Ap #583-9924 Nibh. Ave,104 Turpis. Ave,781,03:05,2020-10-10 
2062,138,1063,37,821-6192 Enim Rd.,Ap #486-7113 Cursus St.,539-205 Sodales Road,1712,51:20,2022-01-06 
2063,192,1021,100,Ap #636-1024 Arcu. Rd.,465-9770 Cras Road,Ap #486-7683 Enim St.,1910,39:41,2023-12-14 
2064,145,1108,41,868-5493 Cursus Avenue,7202 Sem Avenue,915-4984 Phasellus Rd.,345,11:37,2020-12-15 
2065,144,1019,54,"P.O. Box 929, 5195 Vulputate Ave",788-1160 Tellus. Street,"Ap #761-5126 Lacus, Rd.",1509,58:39,2021-10-30 
2066,181,1096,71,1103 Elit Avenue,1010 Urna. Avenue,385-5840 Tellus St.,1440,06:34,2025-09-17 
2067,121,1038,12,Ap #896-2705 Aliquam Road,100-2244 Velit St.,"P.O. Box 493, 6446 Nisl. Road",1564,22:00,2024-12-16 
2068,199,1095,94,Ap #239-4615 Ultrices Rd.,"P.O. Box 192, 7767 Ipsum Rd.",Ap #669-3062 Lobortis Rd.,1849,07:05,2025-02-05 
2069,197,1031,62,"P.O. Box 864, 7008 Nascetur Rd.",193-1846 Velit. St.,8257 Duis Avenue,1592,32:57,2023-07-01 
2070,197,1055,49,Ap #751-4641 Pede. Avenue,"P.O. Box 538, 3745 Non Avenue","P.O. Box 966, 8592 Ante. Rd.",1665,28:33,2025-01-08 
2071,128,1099,26,"P.O. Box 742, 2906 Egestas Road",920-5000 Est. Rd.,196-4549 Tincidunt. St.,1578,57:26,2020-02-23 
2072,106,1102,41,229-2001 Arcu. Av.,Ap #993-6333 Magnis Rd.,469-108 Ut Av.,422,30:09,2020-07-11 
2073,198,1055,74,8970 Faucibus Avenue,"P.O. Box 218, 7853 Mauris Ave",Ap #636-5822 Aliquam Rd.,1987,23:58,2022-10-07 
2074,137,1070,3,"P.O. Box 418, 2261 Vulputate, Av.",6581 Aliquet. Rd.,563-6545 Eget Avenue,112,55:19,2020-01-28 
2075,116,1084,16,"P.O. Box 925, 5347 Massa St.",Ap #902-2746 Facilisis Rd.,"5210 Id, Road",1861,52:37,2021-08-15 
2076,178,1109,27,"P.O. Box 342, 3583 Hendrerit St.",6052 Suspendisse Avenue,"Ap #998-9807 Est, Avenue",1224,04:47,2020-12-25 
2077,145,1046,6,Ap #344-8022 Quis St.,648-8554 Justo Road,587-5680 Aliquam Av.,1825,53:54,2021-08-22 
2078,147,1089,76,"315-9187 Dui, St.","P.O. Box 155, 6739 Mus. Rd.",250-6647 Lobortis Rd.,1390,52:31,2023-10-07 
2079,142,1023,94,Ap #362-3599 Sit Rd.,"P.O. Box 732, 7350 Quam Ave",9920 Ut Street,904,36:55,2022-09-22 
2080,142,1070,55,"P.O. Box 300, 6958 Leo, Rd.",1323 Pede Av.,6895 Nam Av.,315,09:48,2024-09-21 
2081,127,1092,80,354-6303 Auctor Av.,"9439 Purus, Av.","P.O. Box 506, 3962 Facilisis St.",1289,22:47,2020-11-19 
2082,192,1057,37,Ap #991-8199 Eget Ave,"P.O. Box 153, 3564 Euismod St.","P.O. Box 314, 9549 Lacus. Rd.",1713,10:13,2024-11-24 
2083,152,1016,27,Ap #366-9489 Ultricies Road,126-9793 Nunc Avenue,Ap #554-8965 Orci. Rd.,381,01:16,2023-01-07 
2084,108,1028,5,5917 Non Ave,7360 Velit Av.,977-9323 Gravida Av.,233,17:22,2021-04-30 
2085,118,1093,26,594-1924 Aliquam Av.,"6624 Vel, Av.",161-2461 Nulla Ave,973,32:45,2020-11-07 
2086,134,1033,97,Ap #605-7066 Eget Ave,Ap #475-2003 Vel Rd.,"P.O. Box 975, 3701 Posuere St.",127,38:31,2023-11-14 
2087,108,1076,100,"P.O. Box 473, 8050 Aliquam Avenue",4577 Magna. Avenue,1701 Arcu. Rd.,836,13:38,2020-11-21 
2088,178,1065,19,3139 Massa Av.,"161-9033 Lorem, St.","P.O. Box 635, 9596 Donec St.",1723,02:40,2023-06-11 
2089,190,1065,61,"5046 Scelerisque, Rd.","P.O. Box 183, 7023 Dis St.","P.O. Box 106, 8226 Ultrices, St.",1793,40:36,2022-04-08 
2090,162,1108,66,"Ap #308-4246 Odio, Road",251-4047 Purus. Road,799-2774 Ac Avenue,1144,20:42,2023-05-27 
2091,150,1049,71,Ap #546-8013 Donec Avenue,"3697 Vitae, Av.","P.O. Box 866, 3252 Nunc St.",1585,43:41,2024-03-11 
2092,177,1060,70,Ap #271-9127 Ante Avenue,"P.O. Box 169, 6778 Dis Road",6621 Nam St.,438,04:58,2025-04-16 
2093,144,1067,76,124-9385 Nec Avenue,302-5525 Ornare. St.,"P.O. Box 183, 5688 Mauris. Av.",1201,31:52,2021-07-19 
2094,194,1071,83,958-1365 Ligula. St.,Ap #750-7843 Torquent St.,Ap #371-7216 Consectetuer Av.,1589,00:21,2022-12-09 
2095,168,1098,28,3160 Sit Rd.,6025 Elementum Avenue,Ap #625-6133 Sit Ave,1453,29:03,2023-11-25 
2096,160,1039,1,187-1911 Inceptos Av.,Ap #147-6455 Magnis Avenue,"P.O. Box 937, 3382 Erat, St.",1738,40:43,2022-04-01 
2097,137,1042,40,5004 Nulla St.,Ap #949-5374 Pellentesque St.,685-4625 Vel Rd.,354,13:39,2020-05-10 
2098,191,1021,43,Ap #590-415 Sollicitudin St.,Ap #162-2323 Adipiscing Rd.,"P.O. Box 379, 1228 Semper Av.",531,40:51,2020-10-30 
2099,114,1079,84,778-2550 Ante Ave,"Ap #137-5235 Montes, Avenue",2101 Velit. Ave,1903,11:14,2022-11-07 